id,code,name,parent_id/id,user_type/id,type,reconcile
acc_0,0,PDC MINISTERIALE,,account_type_legalview1,view,TRUE
acc_SP,SP,STATO PATRIMONIALE,acc_0,account_type_legalview1,view,TRUE
acc_AAA,AAA,ATTIVO,acc_SP,account_type_legalview1,view,TRUE
acc_AAZ999,AAZ999,A) IMMOBILIZZAZIONI,acc_AAA,account_type_legalview1,view,TRUE
acc_AAA000,AAA000,A.I) IMMOBILIZZAZIONI IMMATERIALI,acc_AAZ999,account_type_legalview1,view,TRUE
acc_AAA010,AAA010,A.I.1) Costi di impianto e di ampliamento,acc_AAA000,account_type_legalview1,view,TRUE
acc_AAA020,AAA020,A.I.1.a) Costi di impianto e di ampliamento,acc_AAA010,account_type_legalview3,consolidation,TRUE
acc_AAA030,AAA030,A.I.1.b) Fondo Ammortamento costi di impianto e di ampliamento,acc_AAA010,account_type_legalview3,consolidation,TRUE
acc_AAA040,AAA040,A.I.2) Costi di ricerca e sviluppo,acc_AAA000,account_type_legalview1,view,TRUE
acc_AAA050,AAA050,A.I.2.a) Costi di ricerca e sviluppo,acc_AAA040,account_type_legalview3,consolidation,TRUE
acc_AAA060,AAA060,A.I.2.b) Fondo Ammortamento costi di ricerca e sviluppo,acc_AAA040,account_type_legalview3,consolidation,TRUE
acc_AAA070,AAA070,A.I.3) Diritti di brevetto e diritti di utilizzazione delle opere d'ingegno,acc_AAA040,account_type_legalview1,view,TRUE
acc_AAA080,AAA080,A.I.3.a) Diritti di brevetto e diritti di utilizzazione delle opere d'ingegno - Derivanti dall'attività di ricerca,acc_AAA070,account_type_legalview3,consolidation,TRUE
acc_AAA090,AAA090,A.I.3.b) Fondo Ammortamento diritti di brevetto e diritti di utilizzazione delle opere d'ingegno - Derivanti dall'attività di ricerca,acc_AAA070,account_type_legalview3,consolidation,TRUE
acc_AAA100,AAA100,A.I.3.c) Diritti di brevetto e diritti di utilizzazione delle opere d'ingegno - Altri,acc_AAA070,account_type_legalview3,consolidation,TRUE
acc_AAA110,AAA110,A.I.3.d) Fondo Ammortamento diritti di brevetto e diritti di utilizzazione delle opere d'ingegno - Altri,acc_AAA070,account_type_legalview3,consolidation,TRUE
acc_AAA120,AAA120,A.I.4) Immobilizzazioni immateriali in corso e acconti,acc_AAA040,account_type_legalview3,consolidation,TRUE
acc_AAA130,AAA130,A.I.5) Altre immobilizzazioni immateriali,acc_AAA040,account_type_legalview1,view,TRUE
acc_AAA140,AAA140,"A.I.5.a) Concessioni, licenze, marchi e diritti simili",acc_AAA130,account_type_legalview3,consolidation,TRUE
acc_AAA150,AAA150,"A.I.5.b) Fondo Ammortamento concessioni, licenze, marchi e diritti simili",acc_AAA130,account_type_legalview3,consolidation,TRUE
acc_AAA160,AAA160,A.I.5.c) Migliorie su beni di terzi,acc_AAA130,account_type_legalview3,consolidation,TRUE
acc_AAA170,AAA170,A.I.5.d) Fondo Ammortamento migliorie su beni di terzi,acc_AAA130,account_type_legalview3,consolidation,TRUE
acc_AAA180,AAA180,A.I.5.e) Pubblicità,acc_AAA130,account_type_legalview3,consolidation,TRUE
acc_AAA190,AAA190,A.I.5.f) Fondo Ammortamento pubblicità,acc_AAA130,account_type_legalview3,consolidation,TRUE
acc_AAA200,AAA200,A.I.5.g) Altre immobilizzazioni immateriali,acc_AAA130,account_type_legalview3,consolidation,TRUE
acc_AAA210,AAA210,A.I.5.h) Fondo Ammortamento altre immobilizzazioni immateriali,acc_AAA130,account_type_legalview3,consolidation,TRUE
acc_AAA220,AAA220,A.I.6) Fondo Svalutazione immobilizzazioni immateriali,acc_AAA040,account_type_legalview1,view,TRUE
acc_AAA230,AAA230,A.I.6.a) Fondo Svalutazione Costi di impianto e di ampliamento,acc_AAA220,account_type_legalview3,consolidation,TRUE
acc_AAA240,AAA240,A.I.6.b) Fondo Svalutazione Costi di ricerca e sviluppo,acc_AAA220,account_type_legalview3,consolidation,TRUE
acc_AAA250,AAA250,A.I.6.c) Fondo Svalutazione Diritti di brevetto e diritti di utilizzazione delle opere d'ingegno,acc_AAA220,account_type_legalview3,consolidation,TRUE
acc_AAA260,AAA260,A.I.6.d) Fondo Svalutazione Altre immobilizzazioni immateriali,acc_AAA220,account_type_legalview3,consolidation,TRUE
acc_AAA270,AAA270,A.II) IMMOBILIZZAZIONI MATERIALI,acc_AAZ999,account_type_legalview1,view,TRUE
acc_AAA280,AAA280,A.II.1) Terreni,acc_AAA270,account_type_legalview1,view,TRUE
acc_AAA290,AAA290,A.II.1.a) Terreni disponibili,acc_AAA280,account_type_legalview3,consolidation,TRUE
acc_AAA300,AAA300,A.II.1.b) Terreni indisponibili,acc_AAA280,account_type_legalview3,consolidation,TRUE
acc_AAA310,AAA310,A.II.2) Fabbricati,acc_AAA270,account_type_legalview1,view,TRUE
acc_AAA320,AAA320,A.II.2.a) Fabbricati non strumentali (disponibili),acc_AAA310,account_type_legalview1,view,TRUE
acc_AAA330,AAA330,A.II.2.a.1) Fabbricati non strumentali (disponibili),acc_AAA320,account_type_legalview3,consolidation,TRUE
acc_AAA340,AAA340,A.II.2.a.2) Fondo Ammortamento Fabbricati non strumentali (disponibili),acc_AAA320,account_type_legalview3,consolidation,TRUE
acc_AAA350,AAA350,A.II.2.b) Fabbricati strumentali (indisponibili),acc_AAA310,account_type_legalview1,view,TRUE
acc_AAA360,AAA360,A.II.2.b.1) Fabbricati strumentali (indisponibili),acc_AAA350,account_type_legalview3,consolidation,TRUE
acc_AAA370,AAA370,A.II.2.b.2) Fondo Ammortamento Fabbricati strumentali (indisponibili),acc_AAA350,account_type_legalview3,consolidation,TRUE
acc_AAA380,AAA380,A.II.3) Impianti e macchinari,acc_AAA270,account_type_legalview1,view,TRUE
acc_AAA390,AAA390,A.II.3.a) Impianti e macchinari,acc_AAA380,account_type_legalview3,consolidation,TRUE
acc_AAA400,AAA400,A.II.3.b) Fondo Ammortamento Impianti e macchinari,acc_AAA380,account_type_legalview3,consolidation,TRUE
acc_AAA410,AAA410,A.II.4) Attrezzature sanitarie e scientifiche,acc_AAA270,account_type_legalview1,view,TRUE
acc_AAA420,AAA420,A.II.4.a) Attrezzature sanitarie e scientifiche,acc_AAA410,account_type_legalview3,consolidation,TRUE
acc_AAA430,AAA430,A.II.4.b) Fondo Ammortamento Attrezzature sanitarie e scientifiche,acc_AAA410,account_type_legalview3,consolidation,TRUE
acc_AAA440,AAA440,A.II.5) Mobili e arredi,acc_AAA270,account_type_legalview1,view,TRUE
acc_AAA450,AAA450,A.II.5.a) Mobili e arredi,acc_AAA440,account_type_legalview3,consolidation,TRUE
acc_AAA460,AAA460,A.II.5.b) Fondo Ammortamento Mobili e arredi,acc_AAA440,account_type_legalview3,consolidation,TRUE
acc_AAA470,AAA470,A.II.6) Automezzi,acc_AAA270,account_type_legalview1,view,TRUE
acc_AAA480,AAA480,A.II.6.a) Automezzi,acc_AAA470,account_type_legalview3,consolidation,TRUE
acc_AAA490,AAA490,A.II.6.b) Fondo Ammortamento Automezzi,acc_AAA470,account_type_legalview3,consolidation,TRUE
acc_AAA500,AAA500,A.II.7) Oggetti d'arte,acc_AAA270,account_type_legalview3,consolidation,TRUE
acc_AAA510,AAA510,A.II.8) Altre immobilizzazioni materiali,acc_AAA270,account_type_legalview1,view,TRUE
acc_AAA520,AAA520,A.II.8.a) Altre immobilizzazioni materiali,acc_AAA510,account_type_legalview3,consolidation,TRUE
acc_AAA530,AAA530,A.II.8.b) Fondo Ammortamento Altre immobilizzazioni materiali,acc_AAA510,account_type_legalview3,consolidation,TRUE
acc_AAA540,AAA540,A.II.9) Immobilizzazioni materiali in corso e acconti,acc_AAA270,account_type_legalview3,consolidation,TRUE
acc_AAA550,AAA550,A.II.10) Fondo Svalutazione immobilizzazioni materiali,acc_AAA270,account_type_legalview1,view,TRUE
acc_AAA560,AAA560,A.II.10.a) Fondo Svalutazione Terreni,acc_AAA550,account_type_legalview3,consolidation,TRUE
acc_AAA570,AAA570,A.II.10.b) Fondo Svalutazione Fabbricati,acc_AAA550,account_type_legalview3,consolidation,TRUE
acc_AAA580,AAA580,A.II.10.c) Fondo Svalutazione Impianti e macchinari,acc_AAA550,account_type_legalview3,consolidation,TRUE
acc_AAA590,AAA590,A.II.10.d) Fondo Svalutazione Attrezzature sanitarie e scientifiche,acc_AAA550,account_type_legalview3,consolidation,TRUE
acc_AAA600,AAA600,A.II.10.e) Fondo Svalutazione Mobili e arredi,acc_AAA550,account_type_legalview3,consolidation,TRUE
acc_AAA610,AAA610,A.II.10.f) Fondo Svalutazione Automezzi,acc_AAA550,account_type_legalview3,consolidation,TRUE
acc_AAA620,AAA620,A.II.10.g) Fondo Svalutazione Oggetti d'arte,acc_AAA550,account_type_legalview3,consolidation,TRUE
acc_AAA630,AAA630,A.II.10.h) Fondo Svalutazione Altre immobilizzazioni materiali,acc_AAA550,account_type_legalview3,consolidation,TRUE
acc_AAA640,AAA640,A.III) IMMOBILIZZAZIONI FINANZIARIE,acc_AAZ999,account_type_legalview1,view,TRUE
acc_AAA650,AAA650,A.III.1) Crediti finanziari,acc_AAA640,account_type_legalview1,view,TRUE
acc_AAA660,AAA660,A.III.1.a) Crediti finanziari v/Stato,acc_AAA650,account_type_legalview3,consolidation,TRUE
acc_AAA670,AAA670,A.III.1.b) Crediti finanziari v/Regione,acc_AAA650,account_type_legalview3,consolidation,TRUE
acc_AAA680,AAA680,A.III.1.c) Crediti finanziari v/partecipate,acc_AAA650,account_type_legalview3,consolidation,TRUE
acc_AAA690,AAA690,A.III.1.d) Crediti finanziari v/altri,acc_AAA650,account_type_legalview3,consolidation,TRUE
acc_AAA700,AAA700,A.III.2) Titoli,acc_AAA640,account_type_legalview1,view,TRUE
acc_AAA710,AAA710,A.III.2.a) Partecipazioni,acc_AAA700,account_type_legalview3,consolidation,TRUE
acc_AAA720,AAA720,A.III.2.b) Altri titoli,acc_AAA700,account_type_legalview1,view,TRUE
acc_AAA730,AAA730,A.III.2.b.1) Titoli di Stato,acc_AAA720,account_type_legalview3,consolidation,TRUE
acc_AAA740,AAA740,A.III.2.b.2) Altre Obbligazioni,acc_AAA720,account_type_legalview3,consolidation,TRUE
acc_AAA750,AAA750,A.III.2.b.3) Titoli azionari quotati in Borsa,acc_AAA720,account_type_legalview3,consolidation,TRUE
acc_AAA760,AAA760,A.III.2.b.4) Titoli diversi,acc_AAA720,account_type_legalview3,consolidation,TRUE
acc_ABZ999,ABZ999,B) ATTIVO CIRCOLANTE,acc_AAA,account_type_legalview1,view,TRUE
acc_ABA000,ABA000,B.I) RIMANENZE,acc_ABZ999,account_type_legalview1,view,TRUE
acc_ABA010,ABA010,B.I.1) Rimanenze beni sanitari,acc_ABA000,account_type_legalview1,view,TRUE
acc_ABA020,ABA020,B.I.1.a) Prodotti farmaceutici ed emoderivati,acc_ABA010,account_type_legalview3,consolidation,TRUE
acc_ABA030,ABA030,B.I.1.b) Sangue ed emocomponenti,acc_ABA010,account_type_legalview3,consolidation,TRUE
acc_ABA040,ABA040,B.I.1.c) Dispositivi medici,acc_ABA010,account_type_legalview3,consolidation,TRUE
acc_ABA050,ABA050,B.I.1.d) Prodotti dietetici,acc_ABA010,account_type_legalview3,consolidation,TRUE
acc_ABA060,ABA060,B.I.1.e) Materiali per la profilassi (vaccini),acc_ABA010,account_type_legalview3,consolidation,TRUE
acc_ABA070,ABA070,B.I.1.f) Prodotti chimici,acc_ABA010,account_type_legalview3,consolidation,TRUE
acc_ABA080,ABA080,B.I.1.g) Materiali e prodotti per uso veterinario,acc_ABA010,account_type_legalview3,consolidation,TRUE
acc_ABA090,ABA090,B.I.1.h) Altri beni e prodotti sanitari,acc_ABA010,account_type_legalview3,consolidation,TRUE
acc_ABA100,ABA100,B.I.1.i) Acconti per acquisto di beni e prodotti sanitari,acc_ABA010,account_type_legalview3,consolidation,TRUE
acc_ABA110,ABA110,B.I.2) Rimanenze beni non sanitari,acc_ABA000,account_type_legalview1,view,TRUE
acc_ABA120,ABA120,B.I.2.a) Prodotti alimentari,acc_ABA110,account_type_legalview3,consolidation,TRUE
acc_ABA130,ABA130,"B.I.2.b) Materiali di guardaroba, di pulizia, e di convivenza in genere",acc_ABA110,account_type_legalview3,consolidation,TRUE
acc_ABA140,ABA140,"B.I.2.c) Combustibili, carburanti e lubrificanti",acc_ABA110,account_type_legalview3,consolidation,TRUE
acc_ABA150,ABA150,B.I.2.d) Supporti informatici e cancelleria,acc_ABA110,account_type_legalview3,consolidation,TRUE
acc_ABA160,ABA160,B.I.2.e) Materiale per la manutenzione,acc_ABA110,account_type_legalview3,consolidation,TRUE
acc_ABA170,ABA170,B.I.2.f) Altri beni e prodotti non sanitari,acc_ABA110,account_type_legalview3,consolidation,TRUE
acc_ABA180,ABA180,B.I.2.g) Acconti per acquisto di beni e prodotti non sanitari,acc_ABA110,account_type_legalview3,consolidation,TRUE
acc_ABA190,ABA190,B.II) CREDITI,acc_ABZ999,account_type_legalview1,view,TRUE
acc_ABA200,ABA200,B.II.1) Crediti v/Stato,acc_ABA190,account_type_legalview1,view,TRUE
acc_ABA210,ABA210,B.II.1.a) Crediti v/Stato per spesa corrente - Integrazione a norma del D.L.vo 56/2000,acc_ABA200,account_type_legalview3,consolidation,TRUE
acc_ABA220,ABA220,B.II.1.b) Crediti v/Stato per spesa corrente - FSN,acc_ABA200,account_type_legalview3,consolidation,TRUE
acc_ABA230,ABA230,B.II.1.c) Crediti v/Stato per mobilità attiva extraregionale,acc_ABA200,account_type_legalview3,consolidation,TRUE
acc_ABA240,ABA240,B.II.1.d) Crediti v/Stato per mobilità attiva internazionale,acc_ABA200,account_type_legalview3,consolidation,TRUE
acc_ABA250,ABA250,B.II.1.e) Crediti v/Stato per acconto quota fabbisogno sanitario regionale standard,acc_ABA200,account_type_legalview3,consolidation,TRUE
acc_ABA260,ABA260,B.II.1.f) Crediti v/Stato per finanziamento sanitario aggiuntivo corrente,acc_ABA200,account_type_legalview3,consolidation,TRUE
acc_ABA270,ABA270,B.II.1.g) Crediti v/Stato per spesa corrente - Altro,acc_ABA200,account_type_legalview3,consolidation,TRUE
acc_ABA280,ABA280,B.II.1.h) Crediti v/Stato per finanziamenti per investimenti,acc_ABA200,account_type_legalview3,consolidation,TRUE
acc_ABA290,ABA290,B.II.1.i) Crediti v/Stato per ricerca,acc_ABA200,account_type_legalview1,view,TRUE
acc_ABA300,ABA300,B.II.1.i.1) Crediti v/Stato per ricerca corrente - Ministero della Salute,acc_ABA290,account_type_legalview3,consolidation,TRUE
acc_ABA310,ABA310,B.II.1.i.2) Crediti v/Stato per ricerca finalizzata - Ministero della Salute,acc_ABA290,account_type_legalview3,consolidation,TRUE
acc_ABA320,ABA320,B.II.1.i.3) Crediti v/Stato per ricerca - Altre Amministrazioni centrali,acc_ABA290,account_type_legalview3,consolidation,TRUE
acc_ABA330,ABA330,B.II.1.i.4) Crediti v/Stato per ricerca - Finanziamenti per investimenti,acc_ABA290,account_type_legalview3,consolidation,TRUE
acc_ABA340,ABA340,B.II.1.l) Crediti v/prefetture,acc_ABA200,account_type_legalview3,consolidation,TRUE
acc_ABA350,ABA350,B.II.2) Crediti v/Regione o Provincia Autonoma,acc_ABA190,account_type_legalview1,view,TRUE
acc_ABA360,ABA360,B.II.2.a) Crediti v/Regione o Provincia Autonoma per spesa corrente,acc_ABA350,account_type_legalview1,view,TRUE
acc_ABA370,ABA370,B.II.2.a.1) Crediti v/Regione o Provincia Autonoma per spesa corrente - IRAP,acc_ABA360,account_type_legalview3,consolidation,TRUE
acc_ABA380,ABA380,B.II.2.a.2) Crediti v/Regione o Provincia Autonoma per spesa corrente - Addizionale IRPEF,acc_ABA360,account_type_legalview3,consolidation,TRUE
acc_ABA390,ABA390,B.II.2.a.3) Crediti v/Regione o Provincia Autonoma per quota FSR,acc_ABA360,account_type_legalview3,consolidation,TRUE
acc_ABA400,ABA400,B.II.2.a.4) Crediti v/Regione o Provincia Autonoma per mobilità attiva intraregionale,acc_ABA360,account_type_legalview3,consolidation,TRUE
acc_ABA410,ABA410,B.II.2.a.5) Crediti v/Regione o Provincia Autonoma per mobilità attiva extraregionale,acc_ABA360,account_type_legalview3,consolidation,TRUE
acc_ABA420,ABA420,B.II.2.a.6) Crediti v/Regione o Provincia Autonoma per acconto quota FSR,acc_ABA360,account_type_legalview3,consolidation,TRUE
acc_ABA430,ABA430,B.II.2.a.7) Crediti v/Regione o Provincia Autonoma per finanziamento sanitario aggiuntivo corrente LEA,acc_ABA360,account_type_legalview3,consolidation,TRUE
acc_ABA440,ABA440,B.II.2.a.8) Crediti v/Regione o Provincia Autonoma per finanziamento sanitario aggiuntivo corrente extra LEA,acc_ABA360,account_type_legalview3,consolidation,TRUE
acc_ABA450,ABA450,B.II.2.a.9) Crediti v/Regione o Provincia Autonoma per spesa corrente - Altro,acc_ABA360,account_type_legalview3,consolidation,TRUE
acc_ABA460,ABA460,B.II.2.a.10) Crediti v/Regione o Provincia Autonoma per ricerca,acc_ABA360,account_type_legalview3,consolidation,TRUE
acc_ABA470,ABA470,B.II.2.b) Crediti v/Regione o Provincia Autonoma per versamenti a patrimonio netto,acc_ABA350,account_type_legalview1,view,TRUE
acc_ABA480,ABA480,B.II.2.b.1) Crediti v/Regione o Provincia Autonoma per finanziamenti per investimenti,acc_ABA470,account_type_legalview3,consolidation,TRUE
acc_ABA490,ABA490,B.II.2.b.2) Crediti v/Regione o Provincia Autonoma per incremento fondo dotazione,acc_ABA470,account_type_legalview3,consolidation,TRUE
acc_ABA500,ABA500,B.II.2.b.3) Crediti v/Regione o Provincia Autonoma per ripiano perdite,acc_ABA470,account_type_legalview3,consolidation,TRUE
acc_ABA510,ABA510,B.II.2.b.4) Crediti v/Regione per copertura debiti al 31/12/2005,acc_ABA470,account_type_legalview3,consolidation,TRUE
acc_ABA520,ABA520,B.II.2.b.5) Crediti v/Regione o Provincia Autonoma per ricostituzione risorse da investimenti esercizi precedenti,acc_ABA470,account_type_legalview3,consolidation,TRUE
acc_ABA530,ABA530,B.II.3) Crediti v/Comuni,acc_ABA190,account_type_legalview3,consolidation,TRUE
acc_ABA540,ABA540,B.II.4) Crediti v/Aziende sanitarie pubbliche,acc_ABA190,account_type_legalview1,view,TRUE
acc_ABA550,ABA550,B.II.4.a) Crediti v/Aziende sanitarie pubbliche della Regione,acc_ABA540,account_type_legalview1,view,TRUE
acc_ABA560,ABA560,B.II.4.a.1) Crediti v/Aziende sanitarie pubbliche della Regione - Per mobilità in compensazione,acc_ABA560,account_type_legalview3,consolidation,TRUE
acc_ABA570,ABA570,B.II.4.a.2) Crediti v/Aziende sanitarie pubbliche della Regione - Per mobilità non in compensazione,acc_ABA560,account_type_legalview3,consolidation,TRUE
acc_ABA580,ABA580,B.II.4.a.3) Crediti v/Aziende sanitarie pubbliche della Regione,acc_ABA560,account_type_legalview3,consolidation,TRUE
acc_ABA590,ABA590,B.II.4.b) Acconto quota FSR da distribuire,acc_ABA540,account_type_legalview3,consolidation,TRUE
acc_ABA600,ABA600,B.II.4.c) Crediti v/Aziende sanitarie pubbliche extra Regione,acc_ABA540,account_type_legalview3,consolidation,TRUE
acc_ABA610,ABA610,B.II.5) Crediti v/società partecipate e/o enti dipendenti della Regione,acc_ABA190,account_type_legalview1,view,TRUE
acc_ABA620,ABA620,B.II.5.a) Crediti v/enti regionali,acc_ABA610,account_type_legalview3,consolidation,TRUE
acc_ABA630,ABA630,B.II.5.b) Crediti v/sperimentazioni gestionali,acc_ABA610,account_type_legalview3,consolidation,TRUE
acc_ABA640,ABA640,B.II.5.c) Crediti v/altre partecipate,acc_ABA610,account_type_legalview3,consolidation,TRUE
acc_ABA650,ABA650,B.II.6) Crediti v/Erario,acc_ABA190,account_type_legalview3,consolidation,TRUE
acc_ABA660,ABA660,B.II.7) Crediti v/altri,acc_ABA190,account_type_legalview1,view,TRUE
acc_ABA670,ABA670,B.II.7.a) Crediti v/clienti privati,acc_ABA660,account_type_legalview3,consolidation,TRUE
acc_ABA680,ABA680,B.II.7.b) Crediti v/gestioni liquidatorie,acc_ABA660,account_type_legalview3,consolidation,TRUE
acc_ABA690,ABA690,B.II.7.c) Crediti v/altri soggetti pubblici,acc_ABA660,account_type_legalview3,consolidation,TRUE
acc_ABA700,ABA700,B.II.7.d) Crediti v/altri soggetti pubblici per ricerca,acc_ABA660,account_type_legalview3,consolidation,TRUE
acc_ABA710,ABA710,B.II.7.e) Altri crediti diversi,acc_ABA660,account_type_legalview3,consolidation,TRUE
acc_ABA720,ABA720,B.III) ATTIVITÀ FINANZIARIE CHE NON COSTITUISCONO IMMOBILIZZAZIONI,acc_ABZ999,account_type_legalview1,view,TRUE
acc_ABA730,ABA730,B.III.1) Partecipazioni che non costituiscono immobilizzazioni,acc_ABA720,account_type_legalview3,consolidation,TRUE
acc_ABA740,ABA740,B.III.2) Altri titoli che non costituiscono immobilizzazioni,acc_ABA720,account_type_legalview3,consolidation,TRUE
acc_ABA750,ABA750,B.IV) DISPONIBILITÀ LIQUIDE,acc_ABZ999,account_type_legalview1,view,TRUE
acc_ABA760,ABA760,B.IV.1) Cassa,acc_ABA750,account_type_legalview3,consolidation,TRUE
acc_ABA770,ABA770,B.IV.2) Istituto Tesoriere,acc_ABA750,account_type_legalview3,consolidation,TRUE
acc_ABA780,ABA780,B.IV.3) Tesoreria Unica,acc_ABA750,account_type_legalview3,consolidation,TRUE
acc_ABA790,ABA790,B.IV.4) Conto corrente postale,acc_ABA750,account_type_legalview3,consolidation,TRUE
acc_ACZ999,ACZ999,C) RATEI E RISCONTI ATTIVI,acc_AAA,account_type_legalview1,view,TRUE
acc_ACA000,ACA000,C.I) RATEI ATTIVI,acc_ACZ999,account_type_legalview1,view,TRUE
acc_ACA010,ACA010,C.I.1) Ratei attivi,acc_ACA000,account_type_legalview3,consolidation,TRUE
acc_ACA020,ACA020,C.I.2) Ratei attivi v/Aziende sanitarie pubbliche della Regione,acc_ACA000,account_type_legalview3,consolidation,TRUE
acc_ACA030,ACA030,C.II) RISCONTI ATTIVI,acc_ACZ999,account_type_legalview1,view,TRUE
acc_ACA040,ACA040,C.II.1) Risconti attivi,acc_ACA30,account_type_legalview3,consolidation,TRUE
acc_ACA050,ACA050,C.II.2) Risconti attivi v/Aziende sanitarie pubbliche della Regione,acc_ACA30,account_type_legalview3,consolidation,TRUE
acc_ADZ999,ADZ999,D) CONTI D'ORDINE,acc_AAA,account_type_legalview1,view,TRUE
acc_ADA000,ADA000,D.I) CANONI DI LEASING ANCORA DA PAGARE,acc_ADZ999,account_type_legalview3,consolidation,TRUE
acc_ADA010,ADA010,D.II) DEPOSITI CAUZIONALI,acc_ADZ999,account_type_legalview3,consolidation,TRUE
acc_ADA020,ADA020,D.III) BENI IN COMODATO,acc_ADZ999,account_type_legalview3,consolidation,TRUE
acc_ADA030,ADA030,D.IV) ALTRI CONTI D'ORDINE,acc_ADZ999,account_type_legalview3,consolidation,TRUE
acc_PPP,PPP,PASSIVO,acc_SP,account_type_legalview1,view,TRUE
acc_PAZ999,PAZ999,A) PATRIMONIO NETTO,acc_PPP,account_type_legalview1,view,TRUE
acc_PAA000,PAA000,A.I) FONDO DI DOTAZIONE,acc_PAZ999,account_type_legalview3,consolidation,TRUE
acc_PAA010,PAA010,A.II) FINANZIAMENTI PER INVESTIMENTI,acc_PAZ999,account_type_legalview1,view,TRUE
acc_PAA020,PAA020,A.II.1) Finanziamenti per beni di prima dotazione,acc_PAA020,account_type_legalview3,consolidation,TRUE
acc_PAA030,PAA030,A.II.2) Finanziamenti da Stato per investimenti,acc_PAA020,account_type_legalview1,view,TRUE
acc_PAA040,PAA040,A.II.2.a) Finanziamenti da Stato per investimenti - ex art. 20 legge 67/88,acc_PAA040,account_type_legalview3,consolidation,TRUE
acc_PAA050,PAA050,A.II.2.b) Finanziamenti da Stato per investimenti - Ricerca,acc_PAA040,account_type_legalview3,consolidation,TRUE
acc_PAA060,PAA060,A.II.2.c) Finanziamenti da Stato per investimenti - Altro,acc_PAA040,account_type_legalview3,consolidation,TRUE
acc_PAA070,PAA070,A.II.3) Finanziamenti da Regione per investimenti,acc_PAA020,account_type_legalview3,consolidation,TRUE
acc_PAA080,PAA080,A.II.4) Finanziamenti da altri soggetti pubblici per investimenti,acc_PAA020,account_type_legalview3,consolidation,TRUE
acc_PAA090,PAA090,A.II.5) Finanziamenti per investimenti da rettifica contributi in conto esercizio,acc_PAA020,account_type_legalview3,consolidation,TRUE
acc_PAA100,PAA100,A.III) RISERVE DA DONAZIONI E LASCITI VINCOLATI AD INVESTIMENTI,acc_PAZ999,account_type_legalview3,consolidation,TRUE
acc_PAA110,PAA110,A.IV) ALTRE RISERVE,acc_PAZ999,account_type_legalview1,view,TRUE
acc_PAA120,PAA120,A.IV.1) Riserve da rivalutazioni,acc_PAA110,account_type_legalview3,consolidation,TRUE
acc_PAA130,PAA130,A.IV.2) Riserve da plusvalenze da reinvestire,acc_PAA110,account_type_legalview3,consolidation,TRUE
acc_PAA140,PAA140,A.IV.3) Contributi da reinvestire,acc_PAA110,account_type_legalview3,consolidation,TRUE
acc_PAA150,PAA150,A.IV.4) Riserve da utili di esercizio destinati ad investimenti,acc_PAA110,account_type_legalview3,consolidation,TRUE
acc_PAA160,PAA160,A.IV.5) Riserve diverse,acc_PAA110,account_type_legalview3,consolidation,TRUE
acc_PAA170,PAA170,A.V) CONTRIBUTI PER RIPIANO PERDITE,acc_PAZ999,account_type_legalview1,view,TRUE
acc_PAA180,PAA180,A.V.1) Contributi per copertura debiti al 31/12/2005,acc_PAA170,account_type_legalview3,consolidation,TRUE
acc_PAA190,PAA190,A.V.2) Contributi per ricostituzione risorse da investimenti esercizi precedenti,acc_PAA170,account_type_legalview3,consolidation,TRUE
acc_PAA200,PAA200,A.V.3) Altro,acc_PAA170,account_type_legalview3,consolidation,TRUE
acc_PAA210,PAA210,A.VI) UTILI (PERDITE) PORTATI A NUOVO,acc_PAZ999,account_type_legalview3,consolidation,TRUE
acc_PAA220,PAA220,A.VII) UTILE (PERDITA) D'ESERCIZIO,acc_PAZ999,account_type_legalview3,consolidation,TRUE
acc_PBZ999,PBZ999,B) FONDI PER RISCHI E ONERI,acc_PPP,account_type_legalview1,view,TRUE
acc_PBA000,PBA000,"B.I) FONDI PER IMPOSTE, ANCHE DIFFERITE",acc_PBZ999,account_type_legalview3,consolidation,TRUE
acc_PBA010,PBA010,B.II) FONDI PER RISCHI,acc_PBZ999,account_type_legalview1,view,TRUE
acc_PBA020,PBA020,B.II.1) Fondo rischi per cause civili ed oneri processuali,acc_PBA010,account_type_legalview3,consolidation,TRUE
acc_PBA030,PBA030,B.II.2) Fondo rischi per contenzioso personale dipendente,acc_PBA010,account_type_legalview3,consolidation,TRUE
acc_PBA040,PBA040,B.II.3) Fondo rischi connessi all'acquisto di prestazioni sanitarie da privato,acc_PBA010,account_type_legalview3,consolidation,TRUE
acc_PBA050,PBA050,B.II.4) Fondo rischi per copertura diretta dei rischi (autoassicurazione),acc_PBA010,account_type_legalview3,consolidation,TRUE
acc_PBA060,PBA060,B.II.5) Altri fondi rischi,acc_PBA010,account_type_legalview3,consolidation,TRUE
acc_PBA070,PBA070,B.III) FONDI DA DISTRIBUIRE,acc_PBZ999,account_type_legalview1,view,TRUE
acc_PBA080,PBA080,B.III.1) FSR indistinto da distribuire,acc_PBA070,account_type_legalview3,consolidation,TRUE
acc_PBA090,PBA090,B.III.2) FSR vincolato da distribuire,acc_PBA070,account_type_legalview3,consolidation,TRUE
acc_PBA100,PBA100,B.III.3) Fondo per ripiano disavanzi pregressi,acc_PBA070,account_type_legalview3,consolidation,TRUE
acc_PBA110,PBA110,B.III.4) Fondo finanziamento sanitario aggiuntivo corrente LEA,acc_PBA070,account_type_legalview3,consolidation,TRUE
acc_PBA120,PBA120,B.III.5) Fondo finanziamento sanitario aggiuntivo corrente extra LEA,acc_PBA070,account_type_legalview3,consolidation,TRUE
acc_PBA130,PBA130,B.III.6) Fondo finanziamento per ricerca,acc_PBA070,account_type_legalview3,consolidation,TRUE
acc_PBA140,PBA140,B.III.7) Fondo finanziamento per investimenti,acc_PBA070,account_type_legalview3,consolidation,TRUE
acc_PBA150,PBA150,B.IV) QUOTE INUTILIZZATE CONTRIBUTI,acc_PBZ999,account_type_legalview1,view,TRUE
acc_PBA160,PBA160,B.IV.1) Quote inutilizzate contributi da Regione o Prov. Aut. per quota F.S. vincolato,acc_PBA150,account_type_legalview3,consolidation,TRUE
acc_PBA170,PBA170,B.IV.2) Quote inutilizzate contributi vincolati da soggetti pubblici (extra fondo),acc_PBA150,account_type_legalview3,consolidation,TRUE
acc_PBA180,PBA180,B.IV.3) Quote inutilizzate contributi per ricerca,acc_PBA150,account_type_legalview3,consolidation,TRUE
acc_PBA190,PBA190,B.IV.4) Quote inutilizzate contributi vincolati da privati,acc_PBA150,account_type_legalview3,consolidation,TRUE
acc_PBA200,PBA200,B.V) ALTRI FONDI PER ONERI E SPESE,acc_PBZ999,account_type_legalview1,view,TRUE
acc_PBA210,PBA210,B.V.1) Fondi integrativi pensione,acc_PBA200,account_type_legalview3,consolidation,TRUE
acc_PBA220,PBA220,B.V.2) Fondi rinnovi contrattuali,acc_PBA200,account_type_legalview1,view,TRUE
acc_PBA230,PBA230,B.V.2.a) Fondo rinnovi contrattuali personale dipendente,acc_PBA220,account_type_legalview3,consolidation,TRUE
acc_PBA240,PBA240,B.V.2.b) Fondo rinnovi convenzioni MMG/PLS/MCA,acc_PBA220,account_type_legalview3,consolidation,TRUE
acc_PBA250,PBA250,B.V.2.c) Fondo rinnovi convenzioni medici Sumai,acc_PBA220,account_type_legalview3,consolidation,TRUE
acc_PBA260,PBA260,B.V.3) Altri fondi per oneri e spese,acc_PBA200,account_type_legalview3,consolidation,TRUE
acc_PCZ999,PCZ999,C) TRATTAMENTO FINE RAPPORTO,acc_PPP,account_type_legalview1,view,TRUE
acc_PCA000,PCA000,C.I) FONDO PER PREMI OPEROSITÀ MEDICI SUMAI,acc_PCZ999,account_type_legalview3,consolidation,TRUE
acc_PCA010,PCA010,C.II) FONDO PER TRATTAMENTO DI FINE RAPPORTO DIPENDENTI,acc_PCZ999,account_type_legalview3,consolidation,TRUE
acc_PDZ999,PDZ999,D) DEBITI,acc_PPP,account_type_legalview1,view,TRUE
acc_PDA000,PDA000,D.I) DEBITI PER MUTUI PASSIVI,acc_PDZ999,account_type_legalview3,consolidation,TRUE
acc_PDA010,PDA010,D.II) DEBITI V/STATO,acc_PDZ999,account_type_legalview1,view,TRUE
acc_PDA020,PDA020,D.II.1) Debiti v/Stato per mobilità passiva extraregionale,acc_PDA010,account_type_legalview3,consolidation,TRUE
acc_PDA030,PDA030,D.II.2) Debiti v/Stato per mobilità passiva internazionale,acc_PDA010,account_type_legalview3,consolidation,TRUE
acc_PDA040,PDA040,D.II.3) Acconto quota FSR v/Stato,acc_PDA010,account_type_legalview3,consolidation,TRUE
acc_PDA050,PDA050,D.II.4) Debiti v/Stato per restituzione finanziamenti - Per ricerca,acc_PDA010,account_type_legalview3,consolidation,TRUE
acc_PDA060,PDA060,D.II.5) Altri debiti v/Stato,acc_PDA010,account_type_legalview3,consolidation,TRUE
acc_PDA070,PDA070,D.III) DEBITI V/REGIONE O PROVINCIA AUTONOMA,acc_PDZ999,account_type_legalview1,view,TRUE
acc_PDA080,PDA080,D.III.1) Debiti v/Regione o Provincia Autonoma per finanziamenti,acc_PDA070,account_type_legalview3,consolidation,TRUE
acc_PDA090,PDA090,D.III.2) Debiti v/Regione o Provincia Autonoma per mobilità passiva intraregionale,acc_PDA070,account_type_legalview3,consolidation,TRUE
acc_PDA100,PDA100,D.III.3) Debiti v/Regione o Provincia Autonoma per mobilità passiva extraregionale,acc_PDA070,account_type_legalview3,consolidation,TRUE
acc_PDA110,PDA110,D.III.4) Acconto quota FSR da Regione o Provincia Autonoma,acc_PDA070,account_type_legalview3,consolidation,TRUE
acc_PDA120,PDA120,D.III.5) Altri debiti v/Regione o Provincia Autonoma,acc_PDA070,account_type_legalview3,consolidation,TRUE
acc_PDA130,PDA130,D.IV) DEBITI V/COMUNI,acc_PDZ999,account_type_legalview3,consolidation,TRUE
acc_PDA140,PDA140,D.V) DEBITI V/AZIENDE SANITARIE PUBBLICHE,acc_PDZ999,account_type_legalview1,view,TRUE
acc_PDA150,PDA150,D.V.1) Debiti v/Aziende sanitarie pubbliche della Regione,acc_PDA140,account_type_legalview1,view,TRUE
acc_PDA160,PDA160,D.V.1.a) Debiti v/Aziende sanitarie pubbliche della Regione - Per quota FSR,acc_PDA150,account_type_legalview3,consolidation,TRUE
acc_PDA170,PDA170,D.V.1.b) Debiti v/Aziende sanitarie pubbliche della Regione - Per finanziamento sanitario aggiuntivo corrente LEA,acc_PDA150,account_type_legalview3,consolidation,TRUE
acc_PDA180,PDA180,D.V.1.c) Debiti v/Aziende sanitarie pubbliche della Regione - Per finanziamento sanitario aggiuntivo corrente extra LEA,acc_PDA150,account_type_legalview3,consolidation,TRUE
acc_PDA190,PDA190,D.V.1.d) Debiti v/Aziende sanitarie pubbliche della Regione - Per mobilità in compensazione,acc_PDA150,account_type_legalview3,consolidation,TRUE
acc_PDA200,PDA200,D.V.1.e) Debiti v/Aziende sanitarie pubbliche della Regione - Per mobilità non in compensazione,acc_PDA150,account_type_legalview3,consolidation,TRUE
acc_PDA210,PDA210,D.V.1.f) Debiti v/Aziende sanitarie pubbliche della Regione,acc_PDA150,account_type_legalview3,consolidation,TRUE
acc_PDA220,PDA220,D.V.2) Debiti v/Aziende sanitarie pubbliche extra Regione,acc_PDA140,account_type_legalview3,consolidation,TRUE
acc_PDA230,PDA230,D.V.3) Debiti v/Aziende sanitarie pubbliche della Regione per versamenti c/patrimonio netto,acc_PDA140,account_type_legalview3,consolidation,TRUE
acc_PDA240,PDA240,D.VI) DEBITI V/SOCIETÀ PARTECIPATE E/O ENTI DIPENDENTI DELLA REGIONE,acc_PDZ999,account_type_legalview1,view,TRUE
acc_PDA250,PDA250,D.VI.1) Debiti v/enti regionali,acc_PDA240,account_type_legalview3,consolidation,TRUE
acc_PDA260,PDA260,D.VI.2) Debiti v/sperimentazioni gestionali,acc_PDA240,account_type_legalview3,consolidation,TRUE
acc_PDA270,PDA270,D.VI.3) Debiti v/altre partecipate,acc_PDA240,account_type_legalview3,consolidation,TRUE
acc_PDA280,PDA280,D.VII) DEBITI V/FORNITORI,acc_PDZ999,account_type_legalview1,view,TRUE
acc_PDA290,PDA290,D.VII.1) Debiti verso erogatori (privati accreditati e convenzionati) di prestazioni sanitarie,acc_PDA280,account_type_legalview3,consolidation,TRUE
acc_PDA300,PDA300,D.VII.2) Debiti verso altri fornitori,acc_PDA280,account_type_legalview3,consolidation,TRUE
acc_PDA310,PDA310,D.VIII) DEBITI V/ISTITUTO TESORIERE,acc_PDZ999,account_type_legalview3,consolidation,TRUE
acc_PDA320,PDA320,D.IX) DEBITI TRIBUTARI,acc_PDZ999,account_type_legalview3,consolidation,TRUE
acc_PDA330,PDA330,"D.X) DEBITI V/ISTITUTI PREVIDENZIALI, ASSISTENZIALI E SICUREZZA SOCIALE",acc_PDZ999,account_type_legalview3,consolidation,TRUE
acc_PDA340,PDA340,D.XI) DEBITI V/ALTRI,acc_PDZ999,account_type_legalview1,view,TRUE
acc_PDA350,PDA350,D.XI.1) Debiti v/altri finanziatori,acc_PDA340,account_type_legalview3,consolidation,TRUE
acc_PDA360,PDA360,D.XI.2) Debiti v/dipendenti,acc_PDA340,account_type_legalview3,consolidation,TRUE
acc_PDA370,PDA370,D.XI.3) Debiti v/gestioni liquidatorie,acc_PDA340,account_type_legalview3,consolidation,TRUE
acc_PDA380,PDA380,D.XI.4) Altri debiti diversi,acc_PDA340,account_type_legalview3,consolidation,TRUE
acc_PEZ999,PEZ999,E) RATEI E RISCONTI PASSIVI,acc_PPP,account_type_legalview1,view,TRUE
acc_PEA000,PEA000,E.I) RATEI PASSIVI,acc_PEZ999,account_type_legalview1,view,TRUE
acc_PEA010,PEA010,E.I.1) Ratei passivi,acc_PEA000,account_type_legalview3,consolidation,TRUE
acc_PEA020,PEA020,E.I.2) Ratei passivi v/Aziende sanitarie pubbliche della Regione,acc_PEA000,account_type_legalview3,consolidation,TRUE
acc_PEA030,PEA030,E.II) RISCONTI PASSIVI,acc_PEZ999,account_type_legalview1,view,TRUE
acc_PEA040,PEA040,E.II.1) Risconti passivi,acc_PEA030,account_type_legalview3,consolidation,TRUE
acc_PEA050,PEA050,E.II.2) Risconti passivi v/Aziende sanitarie pubbliche della Regione,acc_PEA030,account_type_legalview3,consolidation,TRUE
acc_PFZ999,PFZ999,F) CONTI D'ORDINE,acc_PPP,account_type_legalview1,view,TRUE
acc_PFA000,PFA000,F.I) CANONI DI LEASING ANCORA DA PAGARE,acc_PFZ999,account_type_legalview3,consolidation,TRUE
acc_PFA010,PFA010,F.II) DEPOSITI CAUZIONALI,acc_PFZ999,account_type_legalview3,consolidation,TRUE
acc_PFA020,PFA020,F.III) BENI IN COMODATO,acc_PFZ999,account_type_legalview3,consolidation,TRUE
acc_PFA030,PFA030,F.IV) ALTRI CONTI D'ORDINE,acc_PFZ999,account_type_legalview3,consolidation,TRUE
acc_CE,CE,CONTO ECONOMICO,,account_type_legalview1,view,TRUE
acc_AZ9999,AZ9999,A) valore della produzione,acc_CE,account_type_legalview1,view,TRUE
acc_AA0010,AA0010,A.1) Contributi in c/esercizio,acc_AZ9999,account_type_legalview1,view,TRUE
acc_AA0020,AA0020,A.1.A) Contributi da Regione o Provincia Autonoma per quota F.S. regionale,acc_AA0010,account_type_legalview1,view,TRUE
acc_AA0030,AA0030,A.1.A.1) da Regione o Provincia Autonoma per quota F.S. regionale indistinto,acc_AA0020,account_type_legalview3,consolidation,TRUE
acc_AA0040,AA0040,A.1.A.2) da Regione o Provincia Autonoma per quota F.S. regionale vincolato,acc_AA0020,account_type_legalview3,consolidation,TRUE
acc_AA0050,AA0050,A.1.B) Contributi c/esercizio (extra fondo),acc_AA0010,account_type_legalview1,view,TRUE
acc_AA0060,AA0060,A.1.B.1) da Regione o Provincia Autonoma (extra fondo),acc_AA0050,account_type_legalview1,view,TRUE
acc_AA0070,AA0070,A.1.B.1.1) Contributi da Regione o Provincia Autonoma (extra fondo) - Vincolati,acc_AA0060,account_type_legalview3,consolidation,TRUE
acc_AA0080,AA0080,A.1.B.1.2) Contributi da Regione o Provincia Autonoma (extra fondo) - Risorse aggiuntive da bilancio regionale a titolo di copertura LEA,acc_AA0060,account_type_legalview3,consolidation,TRUE
acc_AA0090,AA0090,A.1.B.1.3) Contributi da Regione o Provincia Autonoma (extra fondo) - Risorse aggiuntive da bilancio regionale a titolo di copertura extra LEA,acc_AA0060,account_type_legalview3,consolidation,TRUE
acc_AA0100,AA0100,A.1.B.1.4) Contributi da Regione o Provincia Autonoma (extra fondo) - Altro,acc_AA0060,account_type_legalview3,consolidation,TRUE
acc_AA0110,AA0110,A.1.B.2) Contributi da Aziende sanitarie pubbliche della Regione o Provincia Autonoma (extra fondo),acc_AA0050,account_type_legalview1,view,TRUE
acc_AA0120,AA0120,A.1.B.2.1) Contributi da Aziende sanitarie pubbliche della Regione o Provincia Autonoma (extra fondo) - Vincolati,acc_AA0110,account_type_legalview3,consolidation,TRUE
acc_AA0130,AA0130,A.1.B.2.2) Contributi da Aziende sanitarie pubbliche della Regione o Provincia Autonoma (extra fondo) - Altro,acc_AA0110,account_type_legalview3,consolidation,TRUE
acc_AA0140,AA0140,A.1.B.3) Contributi da altri soggetti pubblici (extra fondo),acc_AA0050,account_type_legalview1,view,TRUE
acc_AA0150,AA0150,A.1.B.3.1) Contributi da altri soggetti pubblici (extra fondo) - Vincolati,acc_AA0140,account_type_legalview3,consolidation,TRUE
acc_AA0160,AA0160,A.1.B.3.2) Contributi da altri soggetti pubblici (extra fondo) - Legge 210/92,acc_AA0140,account_type_legalview3,consolidation,TRUE
acc_AA0170,AA0170,A.1.B.3.3) Contributi da altri soggetti pubblici (extra fondo) - Altro,acc_AA0140,account_type_legalview3,consolidation,TRUE
acc_AA0180,AA0180,A.1.C) Contributi c/esercizio per ricerca,acc_AA0010,account_type_legalview1,view,TRUE
acc_AA0190,AA0190,A.1.C.1) Contributi da Ministero della Salute per ricerca corrente,acc_AA0180,account_type_legalview3,consolidation,TRUE
acc_AA0200,AA0200,A.1.C.2) Contributi da Ministero della Salute per ricerca finalizzata,acc_AA0180,account_type_legalview3,consolidation,TRUE
acc_AA0210,AA0210,A.1.C.3) Contributi da Regione e altri soggetti pubblici per ricerca,acc_AA0180,account_type_legalview3,consolidation,TRUE
acc_AA0220,AA0220,A.1.C.4) Contributi da privati per ricerca,acc_AA0180,account_type_legalview3,consolidation,TRUE
acc_AA0230,AA0230,A.1.D) Contributi c/esercizio da privati,acc_AA0010,account_type_legalview3,consolidation,TRUE
acc_AA0240,AA0240,A.2) Rettifica contributi c/esercizio per destinazione ad investimenti,acc_AZ9999,account_type_legalview1,view,TRUE
acc_AA0250,AA0250,A.2.A) Rettifica contributi in c/esercizio per destinazione ad investimenti - da Regione o Provincia Autonoma per quota F.S. regionale,acc_AA0240,account_type_legalview3,consolidation,TRUE
acc_AA0260,AA0260,A.2.B) Rettifica contributi in c/esercizio per destinazione ad investimenti - Altri contributi,acc_AA0240,account_type_legalview3,consolidation,TRUE
acc_AA0270,AA0270,A.3) Utilizzo fondi per quote inutilizzate contributi vincolati di esercizi precedenti,acc_AZ9999,account_type_legalview1,view,TRUE
acc_AA0280,AA0280,A.3.A) Utilizzo fondi per quote inutilizzate contributi di esercizi precedenti da Regione o Provincia Autonoma per quota F.S. regionale vincolato,acc_AA0270,account_type_legalview3,consolidation,TRUE
acc_AA0290,AA0290,A.3.B) Utilizzo fondi per quote inutilizzate contributi di esercizi precedenti da soggetti pubblici (extra fondo) vincolati,acc_AA0270,account_type_legalview3,consolidation,TRUE
acc_AA0300,AA0300,A.3.C) Utilizzo fondi per quote inutilizzate contributi di esercizi precedenti per ricerca,acc_AA0270,account_type_legalview3,consolidation,TRUE
acc_AA0310,AA0310,A.3.D) Utilizzo fondi per quote inutilizzate contributi vincolati di esercizi precedenti da privati,acc_AA0270,account_type_legalview3,consolidation,TRUE
acc_AA0320,AA0320,A.4) Ricavi per prestazioni sanitarie e socio-sanitarie a rilevanza sanitaria,acc_AZ9999,account_type_legalview1,view,TRUE
acc_AA0330,AA0330,A.4.A) Ricavi per prestazioni sanitarie e socio-sanitarie a rilevanza sanitaria erogate a soggetti pubblici,acc_AA0320,account_type_legalview1,view,TRUE
acc_AA0340,AA0340,A.4.A.1) Ricavi per prestazioni sanitarie e socio-sanitarie a rilevanza sanitaria erogate ad Aziende sanitarie pubbliche della Regione,acc_AA0330,account_type_legalview1,view,TRUE
acc_AA0350,AA0350,A.4.A.1.1) Prestazioni di ricovero,acc_AA0350,account_type_legalview3,consolidation,TRUE
acc_AA0360,AA0360,A.4.A.1.2) Prestazioni di specialistica ambulatoriale,acc_AA0350,account_type_legalview3,consolidation,TRUE
acc_AA0370,AA0370,A.4.A.1.3) Prestazioni di psichiatria residenziale e semiresidenziale,acc_AA0350,account_type_legalview3,consolidation,TRUE
acc_AA0380,AA0380,A.4.A.1.4) Prestazioni di File F,acc_AA0350,account_type_legalview3,consolidation,TRUE
acc_AA0390,AA0390,"A.4.A.1.5) Prestazioni servizi MMG, PLS, Continuità assistenziale",acc_AA0350,account_type_legalview3,consolidation,TRUE
acc_AA0400,AA0400,A.4.A.1.6) Prestazioni servizi farmaceutica convenzionata,acc_AA0350,account_type_legalview3,consolidation,TRUE
acc_AA0410,AA0410,A.4.A.1.7) Prestazioni termali,acc_AA0350,account_type_legalview3,consolidation,TRUE
acc_AA0420,AA0420,A.4.A.1.8) Prestazioni trasporto ambulanze ed elisoccorso,acc_AA0350,account_type_legalview3,consolidation,TRUE
acc_AA0430,AA0430,A.4.A.1.9) Altre prestazioni sanitarie e socio-sanitarie a rilevanza sanitaria,acc_AA0350,account_type_legalview3,consolidation,TRUE
acc_AA0440,AA0440,A.4.A.2) Ricavi per prestazioni sanitarie e socio-sanitarie a rilevanza sanitaria erogate ad altri soggetti pubblici,acc_AA0330,account_type_legalview3,consolidation,TRUE
acc_AA0450,AA0450,A.4.A.3) Ricavi per prestazioni sanitarie e socio-sanitarie a rilevanza sanitaria erogate a soggetti pubblici extra Regione,acc_AA0330,account_type_legalview1,view,TRUE
acc_AA0460,AA0460,A.4.A.3.1) Prestazioni di ricovero,acc_AA0460,account_type_legalview3,consolidation,TRUE
acc_AA0470,AA0470,A.4.A.3.2) Prestazioni ambulatoriali,acc_AA0460,account_type_legalview3,consolidation,TRUE
acc_AA0480,AA0480,A.4.A.3.3) Prestazioni di psichiatria non soggetta a compensazione (residenziale e semiresidenziale),acc_AA0460,account_type_legalview3,consolidation,TRUE
acc_AA0490,AA0490,A.4.A.3.4) Prestazioni di File F,acc_AA0460,account_type_legalview3,consolidation,TRUE
acc_AA0500,AA0500,"A.4.A.3.5) Prestazioni servizi MMG, PLS, Continuità assistenziale extra Regione",acc_AA0460,account_type_legalview3,consolidation,TRUE
acc_AA0510,AA0510,A.4.A.3.6) Prestazioni servizi farmaceutica convenzionata extra Regione,acc_AA0460,account_type_legalview3,consolidation,TRUE
acc_AA0520,AA0520,A.4.A.3.7) Prestazioni termali extra Regione,acc_AA0460,account_type_legalview3,consolidation,TRUE
acc_AA0530,AA0530,A.4.A.3.8) Prestazioni trasporto ambulanze ed elisoccorso extra Regione,acc_AA0460,account_type_legalview3,consolidation,TRUE
acc_AA0540,AA0540,A.4.A.3.9) Altre prestazioni sanitarie e socio-sanitarie a rilevanza sanitaria extra Regione,acc_AA0460,account_type_legalview3,consolidation,TRUE
acc_AA0550,AA0550,A.4.A.3.10) Ricavi per cessione di emocomponenti e cellule staminali extra Regione,acc_AA0460,account_type_legalview3,consolidation,TRUE
acc_AA0560,AA0560,A.4.A.3.11) Ricavi per differenziale tariffe TUC,acc_AA0460,account_type_legalview3,consolidation,TRUE
acc_AA0570,AA0570,A.4.A.3.12) Altre prestazioni sanitarie e socio-sanitarie a rilevanza sanitaria non soggette a compensazione extra Regione,acc_AA0460,account_type_legalview1,view,TRUE
acc_AA0580,AA0580,A.4.A.3.12.A) Prestazioni di assistenza riabilitativa non soggette a compensazione extra Regione,acc_AA0570,account_type_legalview3,consolidation,TRUE
acc_AA0590,AA0590,A.4.A.3.12.B) Altre prestazioni sanitarie e socio-sanitarie a rilevanza sanitaria non soggette a compensazione extra Regione,acc_AA0570,account_type_legalview3,consolidation,TRUE
acc_AA0600,AA0600,A.4.A.3.13) Altre prestazioni sanitarie a rilevanza sanitaria - Mobilità attiva internazionale,acc_AA0460,account_type_legalview3,consolidation,TRUE
acc_AA0610,AA0610,A.4.B) Ricavi per prestazioni sanitarie e sociosanit. a rilevanza sanitaria erogate da privati v/residenti extra Regione in compensazione (mobilità attiva),acc_AA0320,account_type_legalview1,view,TRUE
acc_AA0620,AA0620,A.4.B.1) Prestazioni di ricovero da privati extra Regione in compensazione (mobilità attiva),acc_AA0610,account_type_legalview3,consolidation,TRUE
acc_AA0630,AA0630,A.4.B.2) Prestazioni ambulatoriali da privati extra Regione in compensazione (mobilità attiva),acc_AA0610,account_type_legalview3,consolidation,TRUE
acc_AA0640,AA0640,A.4.B.3) Prestazioni di File F da privati extra Regione in compensazione (mobilità attiva),acc_AA0610,account_type_legalview3,consolidation,TRUE
acc_AA0650,AA0650,A.4.B.4) Altre prestazioni sanitarie e socio-sanitarie a rilevanza sanitaria erogate da privati v/residenti extra Regione in compensazione (mobilità attiva),acc_AA0610,account_type_legalview3,consolidation,TRUE
acc_AA0660,AA0660,A.4.C) Ricavi per prestazioni sanitarie e socio-sanitarie a rilevanza sanitaria erogate a privati,acc_AA0320,account_type_legalview3,consolidation,TRUE
acc_AA0670,AA0670,A.4.D) Ricavi per prestazioni sanitarie erogate in regime di intramoenia,acc_AA0320,account_type_legalview1,view,TRUE
acc_AA0680,AA0680,A.4.D.1) Ricavi per prestazioni sanitarie intramoenia - Area ospedaliera,acc_AA0670,account_type_legalview3,consolidation,TRUE
acc_AA0690,AA0690,A.4.D.2) Ricavi per prestazioni sanitarie intramoenia - Area specialistica,acc_AA0670,account_type_legalview3,consolidation,TRUE
acc_AA0700,AA0700,A.4.D.3) Ricavi per prestazioni sanitarie intramoenia - Area sanità pubblica,acc_AA0670,account_type_legalview3,consolidation,TRUE
acc_AA0710,AA0710,"A.4.D.4) Ricavi per prestazioni sanitarie intramoenia - Consulenze (ex art. 55 c.1 lett. c), d) ed ex art. 57-58)",acc_AA0670,account_type_legalview3,consolidation,TRUE
acc_AA0720,AA0720,"A.4.D.5) Ricavi per prestazioni sanitarie intramoenia - Consulenze (ex art. 55 c.1 lett. c), d) ed ex art. 57-58) (Aziende sanitarie pubbliche della Regione)",acc_AA0670,account_type_legalview3,consolidation,TRUE
acc_AA0730,AA0730,A.4.D.6) Ricavi per prestazioni sanitarie intramoenia - Altro,acc_AA0670,account_type_legalview3,consolidation,TRUE
acc_AA0740,AA0740,A.4.D.7) Ricavi per prestazioni sanitarie intramoenia - Altro (Aziende sanitarie pubbliche della Regione),acc_AA0670,account_type_legalview3,consolidation,TRUE
acc_AA0750,AA0750,"A.5) Concorsi, recuperi e rimborsi",acc_AZ9999,account_type_legalview1,view,TRUE
acc_AA0760,AA0760,A.5.A) Rimborsi assicurativi,acc_AA0750,account_type_legalview3,consolidation,TRUE
acc_AA0770,AA0770,"A.5.B) Concorsi, recuperi e rimborsi da Regione",acc_AA0750,account_type_legalview1,view,TRUE
acc_AA0780,AA0780,A.5.B.1) Rimborso degli oneri stipendiali del personale dell'Azienda in posizione di comando presso la Regione,acc_AA0770,account_type_legalview3,consolidation,TRUE
acc_AA0790,AA0790,"A.5.B.2) Altri concorsi, recuperi e rimborsi da parte della Regione",acc_AA0770,account_type_legalview3,consolidation,TRUE
acc_AA0800,AA0800,"A.5.C) Concorsi, recuperi e rimborsi da Aziende sanitarie pubbliche della Regione",acc_AA0750,account_type_legalview1,view,TRUE
acc_AA0810,AA0810,A.5.C.1) Rimborso degli oneri stipendiali del personale dipendente dell'Azienda in posizione di comando presso Aziende sanitarie pubbliche della Regione,acc_AA0800,account_type_legalview3,consolidation,TRUE
acc_AA0820,AA0820,A.5.C.2) Rimborsi per acquisto beni da parte di Aziende sanitarie pubbliche della Regione,acc_AA0800,account_type_legalview3,consolidation,TRUE
acc_AA0830,AA0830,"A.5.C.3) Altri concorsi, recuperi e rimborsi da parte di Aziende sanitarie pubbliche della Regione",acc_AA0800,account_type_legalview3,consolidation,TRUE
acc_AA0840,AA0840,"A.5.D) Concorsi, recuperi e rimborsi da altri soggetti pubblici",acc_AA0750,account_type_legalview1,view,TRUE
acc_AA0850,AA0850,A.5.D.1) Rimborso degli oneri stipendiali del personale dipendente dell'Azienda in posizione di comando presso altri soggetti pubblici,acc_AA0840,account_type_legalview3,consolidation,TRUE
acc_AA0860,AA0860,A.5.D.2) Rimborsi per acquisto beni da parte di altri soggetti pubblici,acc_AA0840,account_type_legalview3,consolidation,TRUE
acc_AA0870,AA0870,"A.5.D.3) Altri concorsi, recuperi e rimborsi da parte di altri soggetti pubblici",acc_AA0840,account_type_legalview3,consolidation,TRUE
acc_AA0880,AA0880,"A.5.E) Concorsi, recuperi e rimborsi da privati",acc_AA0750,account_type_legalview1,view,TRUE
acc_AA0890,AA0890,A.5.E.1) Rimborso da aziende farmaceutiche per Pay-back,acc_AA0880,account_type_legalview1,view,TRUE
acc_AA0900,AA0900,A.5.E.1.1) Pay-back per il superamento del tetto della spesa farmaceutica territoriale,acc_AA0890,account_type_legalview3,consolidation,TRUE
acc_AA0910,AA0910,A.5.E.1.2) Pay-back per superamento del tetto della spesa farmaceutica ospedaliera,acc_AA0890,account_type_legalview3,consolidation,TRUE
acc_AA0920,AA0920,A.5.E.1.3) Ulteriore Pay-back,acc_AA0890,account_type_legalview3,consolidation,TRUE
acc_AA0930,AA0930,"A.5.E.2) Altri concorsi, recuperi e rimborsi da privati",acc_AA0880,account_type_legalview3,consolidation,TRUE
acc_AA0940,AA0940,A.6) Compartecipazione alla spesa per prestazioni sanitarie (Ticket),acc_AZ9999,account_type_legalview1,view,TRUE
acc_AA0950,AA0950,A.6.A) Compartecipazione alla spesa per prestazioni sanitarie - Ticket sulle prestazioni di specialistica ambulatoriale,acc_AA0940,account_type_legalview3,consolidation,TRUE
acc_AA0960,AA0960,A.6.B) Compartecipazione alla spesa per prestazioni sanitarie - Ticket sul pronto soccorso,acc_AA0940,account_type_legalview3,consolidation,TRUE
acc_AA0970,AA0970,A.6.C) Compartecipazione alla spesa per prestazioni sanitarie (Ticket) - Altro,acc_AA0940,account_type_legalview3,consolidation,TRUE
acc_AA0980,AA0980,A.7) Quota contributi c/capitale imputata all'esercizio,acc_AZ9999,account_type_legalview1,view,TRUE
acc_AA0990,AA0990,A.7.A) Quota imputata all'esercizio dei finanziamenti per investimenti dallo Stato,acc_AA0980,account_type_legalview3,consolidation,TRUE
acc_AA1000,AA1000,A.7.B) Quota imputata all'esercizio dei finanziamenti per investimenti da Regione,acc_AA0980,account_type_legalview3,consolidation,TRUE
acc_AA1010,AA1010,A.7.C) Quota imputata all'esercizio dei finanziamenti per beni di prima dotazione,acc_AA0980,account_type_legalview3,consolidation,TRUE
acc_AA1020,AA1020,A.7.D) Quota imputata all'esercizio dei contributi in c/esercizio FSR destinati ad investimenti,acc_AA0980,account_type_legalview3,consolidation,TRUE
acc_AA1030,AA1030,A.7.E) Quota imputata all'esercizio degli altri contributi in c/esercizio destinati ad investimenti,acc_AA0980,account_type_legalview3,consolidation,TRUE
acc_AA1040,AA1040,A.7.F) Quota imputata all'esercizio di altre poste del patrimonio netto,acc_AA0980,account_type_legalview3,consolidation,TRUE
acc_AA1050,AA1050,A.8) Incrementi delle immobilizzazioni per lavori interni,acc_AZ9999,account_type_legalview3,consolidation,TRUE
acc_AA1060,AA1060,A.9) Altri ricavi e proventi,acc_AZ9999,account_type_legalview1,view,TRUE
acc_AA1070,AA1070,A.9.A) Ricavi per prestazioni non sanitarie,acc_AA1060,account_type_legalview3,consolidation,TRUE
acc_AA1080,AA1080,A.9.B) Fitti attivi ed altri proventi da attività immobiliari,acc_AA1060,account_type_legalview3,consolidation,TRUE
acc_AA1090,AA1090,A.9.C) Altri proventi diversi,acc_AA1060,account_type_legalview3,consolidation,TRUE
acc_AZ9999,AZ9999,Totale valore della produzione (A),acc_CE,account_type_legalview1,view,TRUE
acc_BZ9999,BZ9999,B) Costi della produzione,acc_CE,account_type_legalview1,view,TRUE
acc_BA0010,BA0010,B.1) Acquisti di beni,acc_BZ9999,account_type_legalview1,view,TRUE
acc_BA0020,BA0020,B.1.A) Acquisti di beni sanitari,acc_BA0010,account_type_legalview1,view,TRUE
acc_BA0030,BA0030,B.1.A.1) Prodotti farmaceutici ed emoderivati,acc_BA0020,account_type_legalview1,view,TRUE
acc_BA0040,BA0040,"B.1.A.1.1) Medicinali con AIC, ad eccezione di vaccini ed emoderivati di produzione regionale",acc_BA0030,account_type_legalview3,consolidation,TRUE
acc_BA0050,BA0050,B.1.A.1.2) Medicinali senza AIC,acc_BA0030,account_type_legalview3,consolidation,TRUE
acc_BA0060,BA0060,B.1.A.1.3) Emoderivati di produzione regionale,acc_BA0030,account_type_legalview3,consolidation,TRUE
acc_BA0070,BA0070,B.1.A.2) Sangue ed emocomponenti,acc_BA0020,account_type_legalview1,view,TRUE
acc_BA0080,BA0080,B.1.A.2.1) da pubblico (Aziende sanitarie pubbliche della Regione) - Mobilità intraregionale,acc_BA0070,account_type_legalview3,consolidation,TRUE
acc_BA0090,BA0090,B.1.A.2.2) da pubblico (Aziende sanitarie pubbliche extra Regione) - Mobilità extraregionale,acc_BA0070,account_type_legalview3,consolidation,TRUE
acc_BA0100,BA0100,B.1.A.2.3) da altri soggetti,acc_BA0070,account_type_legalview3,consolidation,TRUE
acc_BA0210,BA0210,B.1.A.3) Dispositivi medici,acc_BA0020,account_type_legalview1,view,TRUE
acc_BA0220,BA0220,B.1.A.3.1) Dispositivi medici,acc_BA0220,account_type_legalview3,consolidation,TRUE
acc_BA0230,BA0230,B.1.A.3.2) Dispositivi medici impiantabili attivi,acc_BA0220,account_type_legalview3,consolidation,TRUE
acc_BA0240,BA0240,B.1.A.3.3) Dispositivi medico diagnostici in vitro (IVD),acc_BA0220,account_type_legalview3,consolidation,TRUE
acc_BA0250,BA0250,B.1.A.4) Prodotti dietetici,acc_BA0020,account_type_legalview3,consolidation,TRUE
acc_BA0260,BA0260,B.1.A.5) Materiali per la profilassi (vaccini),acc_BA0020,account_type_legalview3,consolidation,TRUE
acc_BA0270,BA0270,B.1.A.6) Prodotti chimici,acc_BA0020,account_type_legalview3,consolidation,TRUE
acc_BA0280,BA0280,B.1.A.7) Materiali e prodotti per uso veterinario,acc_BA0020,account_type_legalview3,consolidation,TRUE
acc_BA0290,BA0290,B.1.A.8) Altri beni e prodotti sanitari,acc_BA0020,account_type_legalview3,consolidation,TRUE
acc_BA0300,BA0300,B.1.A.9) Beni e prodotti sanitari da Aziende sanitarie pubbliche della Regione,acc_BA0020,account_type_legalview3,consolidation,TRUE
acc_BA0310,BA0310,B.1.B) Acquisti di beni non sanitari,acc_BA0010,account_type_legalview1,view,TRUE
acc_BA0320,BA0320,B.1.B.1) Prodotti alimentari,acc_BA0310,account_type_legalview3,consolidation,TRUE
acc_BA0330,BA0330,"B.1.B.2) Materiali di guardaroba, di pulizia e di convivenza in genere",acc_BA0310,account_type_legalview3,consolidation,TRUE
acc_BA0340,BA0340,"B.1.B.3) Combustibili, carburanti e lubrificanti",acc_BA0310,account_type_legalview3,consolidation,TRUE
acc_BA0350,BA0350,B.1.B.4) Supporti informatici e cancelleria,acc_BA0310,account_type_legalview3,consolidation,TRUE
acc_BA0360,BA0360,B.1.B.5) Materiale per la manutenzione,acc_BA0310,account_type_legalview3,consolidation,TRUE
acc_BA0370,BA0370,B.1.B.6) Altri beni e prodotti non sanitari,acc_BA0310,account_type_legalview3,consolidation,TRUE
acc_BA0380,BA0380,B.1.B.7) Beni e prodotti non sanitari da Aziende sanitarie pubbliche della Regione,acc_BA0310,account_type_legalview3,consolidation,TRUE
acc_BA0390,BA0390,B.2) Acquisti di servizi,acc_BZ9999,account_type_legalview1,view,TRUE
acc_BA0400,BA0400,B.2.A) Acquisti servizi sanitari,acc_BA0390,account_type_legalview1,view,TRUE
acc_BA0410,BA0410,B.2.A.1) Acquisti servizi sanitari per medicina di base,acc_BA0400,account_type_legalview1,view,TRUE
acc_BA0420,BA0420,B.2.A.1.1) da convenzione,acc_BA0410,account_type_legalview1,view,TRUE
acc_BA0430,BA0430,B.2.A.1.1.A) Costi per assistenza MMG,acc_BA0420,account_type_legalview3,consolidation,TRUE
acc_BA0440,BA0440,B.2.A.1.1.B) Costi per assistenza PLS,acc_BA0420,account_type_legalview3,consolidation,TRUE
acc_BA0450,BA0450,B.2.A.1.1.C) Costi per assistenza Continuità assistenziale,acc_BA0420,account_type_legalview3,consolidation,TRUE
acc_BA0460,BA0460,"B.2.A.1.1.D) Altro (medicina dei servizi, psicologi, medici 118, ecc.)",acc_BA0420,account_type_legalview3,consolidation,TRUE
acc_BA0470,BA0470,B.2.A.1.2) da pubblico (Aziende sanitarie pubbliche della Regione) - Mobilità intraregionale,acc_BA0410,account_type_legalview3,consolidation,TRUE
acc_BA0480,BA0480,B.2.A.1.3) da pubblico (Aziende sanitarie pubbliche extra Regione) - Mobilità extraregionale,acc_BA0410,account_type_legalview3,consolidation,TRUE
acc_BA0490,BA0490,B.2.A.2) Acquisti servizi sanitari per farmaceutica,acc_BA0400,account_type_legalview1,view,TRUE
acc_BA0500,BA0500,B.2.A.2.1) da convenzione,acc_BA0490,account_type_legalview3,consolidation,TRUE
acc_BA0510,BA0510,B.2.A.2.2) da pubblico (Aziende sanitarie pubbliche della Regione) - Mobilità intraregionale,acc_BA0490,account_type_legalview3,consolidation,TRUE
acc_BA0520,BA0520,B.2.A.2.3) da pubblico (extra Regione),acc_BA0490,account_type_legalview3,consolidation,TRUE
acc_BA0530,BA0530,B.2.A.3) Acquisti servizi sanitari per assistenza specialistica ambulatoriale,acc_BA0400,account_type_legalview1,view,TRUE
acc_BA0540,BA0540,B.2.A.3.1) da pubblico (Aziende sanitarie pubbliche della Regione),acc_BA0530,account_type_legalview3,consolidation,TRUE
acc_BA0550,BA0550,B.2.A.3.2) da pubblico (altri soggetti pubblici della Regione),acc_BA0530,account_type_legalview3,consolidation,TRUE
acc_BA0560,BA0560,B.2.A.3.3) da pubblico (extra Regione),acc_BA0530,account_type_legalview3,consolidation,TRUE
acc_BA0570,BA0570,B.2.A.3.4) da privato - Medici SUMAI,acc_BA0530,account_type_legalview3,consolidation,TRUE
acc_BA0580,BA0580,B.2.A.3.5) da privato,acc_BA0530,account_type_legalview1,view,TRUE
acc_BA0590,BA0590,B.2.A.3.5.A) Servizi sanitari per assistenza specialistica da IRCCS privati e Policlinici privati,acc_BA0580,account_type_legalview3,consolidation,TRUE
acc_BA0600,BA0600,B.2.A.3.5.B) Servizi sanitari per assistenza specialistica da Ospedali Classificati privati,acc_BA0580,account_type_legalview3,consolidation,TRUE
acc_BA0610,BA0610,B.2.A.3.5.C) Servizi sanitari per assistenza specialistica da Case di Cura private,acc_BA0580,account_type_legalview3,consolidation,TRUE
acc_BA0620,BA0620,B.2.A.3.5.D) Servizi sanitari per assistenza specialistica da altri privati,acc_BA0580,account_type_legalview3,consolidation,TRUE
acc_BA0630,BA0630,B.2.A.3.6) da privato per cittadini non residenti - extra Regione (Mobilità attiva in compensazione),acc_BA0580,account_type_legalview3,consolidation,TRUE
acc_BA0640,BA0640,B.2.A.4) Acquisti servizi sanitari per assistenza riabilitativa,acc_BA0400,account_type_legalview1,view,TRUE
acc_BA0650,BA0650,B.2.A.4.1) da pubblico (Aziende sanitarie pubbliche della Regione),acc_BA0640,account_type_legalview3,consolidation,TRUE
acc_BA0660,BA0660,B.2.A.4.2) da pubblico (altri soggetti pubblici della Regione),acc_BA0640,account_type_legalview3,consolidation,TRUE
acc_BA0670,BA0670,B.2.A.4.3) da pubblico (extra Regione) non soggetti a compensazione,acc_BA0640,account_type_legalview3,consolidation,TRUE
acc_BA0680,BA0680,B.2.A.4.4) da privato (intraregionale),acc_BA0640,account_type_legalview3,consolidation,TRUE
acc_BA0690,BA0690,B.2.A.4.5) da privato (extraregionale),acc_BA0640,account_type_legalview3,consolidation,TRUE
acc_BA0700,BA0700,B.2.A.5) Acquisti servizi sanitari per assistenza integrativa,acc_BA0400,account_type_legalview1,view,TRUE
acc_BA0710,BA0710,B.2.A.5.1) da pubblico (Aziende sanitarie pubbliche della Regione),acc_BA0700,account_type_legalview3,consolidation,TRUE
acc_BA0720,BA0720,B.2.A.5.2) da pubblico (altri soggetti pubblici della Regione),acc_BA0700,account_type_legalview3,consolidation,TRUE
acc_BA0730,BA0730,B.2.A.5.3) da pubblico (extra Regione),acc_BA0700,account_type_legalview3,consolidation,TRUE
acc_BA0740,BA0740,B.2.A.5.4) da privato,acc_BA0700,account_type_legalview3,consolidation,TRUE
acc_BA0750,BA0750,B.2.A.6) Acquisti servizi sanitari per assistenza protesica,acc_BA0400,account_type_legalview1,view,TRUE
acc_BA0760,BA0760,B.2.A.6.1) da pubblico (Aziende sanitarie pubbliche della Regione),acc_BA0750,account_type_legalview3,consolidation,TRUE
acc_BA0770,BA0770,B.2.A.6.2) da pubblico (altri soggetti pubblici della Regione),acc_BA0750,account_type_legalview3,consolidation,TRUE
acc_BA0780,BA0780,B.2.A.6.3) da pubblico (extra Regione),acc_BA0750,account_type_legalview3,consolidation,TRUE
acc_BA0790,BA0790,B.2.A.6.4) da privato,acc_BA0750,account_type_legalview3,consolidation,TRUE
acc_BA0800,BA0800,B.2.A.7) Acquisti servizi sanitari per assistenza ospedaliera,acc_BA0400,account_type_legalview1,view,TRUE
acc_BA0810,BA0810,B.2.A.7.1) da pubblico (Aziende sanitarie pubbliche della Regione),acc_BA0800,account_type_legalview3,consolidation,TRUE
acc_BA0820,BA0820,B.2.A.7.2) da pubblico (altri soggetti pubblici della Regione),acc_BA0800,account_type_legalview3,consolidation,TRUE
acc_BA0830,BA0830,B.2.A.7.3) da pubblico (extra Regione),acc_BA0800,account_type_legalview3,consolidation,TRUE
acc_BA0840,BA0840,B.2.A.7.4) da privato,acc_BA0800,account_type_legalview1,view,TRUE
acc_BA0850,BA0850,B.2.A.7.4.A) Servizi sanitari per assistenza ospedaliera da IRCCS privati e Policlinici privati,acc_BA0840,account_type_legalview3,consolidation,TRUE
acc_BA0860,BA0860,B.2.A.7.4.B) Servizi sanitari per assistenza ospedaliera da Ospedali Classificati privati,acc_BA0840,account_type_legalview3,consolidation,TRUE
acc_BA0870,BA0870,B.2.A.7.4.C) Servizi sanitari per assistenza ospedaliera da Case di Cura private,acc_BA0840,account_type_legalview3,consolidation,TRUE
acc_BA0880,BA0880,B.2.A.7.4.D) Servizi sanitari per assistenza ospedaliera da altri privati,acc_BA0840,account_type_legalview3,consolidation,TRUE
acc_BA0890,BA0890,B.2.A.7.5) da privato per cittadini non residenti - extra Regione (mobilità attiva in compensazione),acc_BA0840,account_type_legalview3,consolidation,TRUE
acc_BA0900,BA0900,B.2.A.8) Acquisto prestazioni di psichiatria residenziale e semiresidenziale,acc_BA0400,account_type_legalview1,view,TRUE
acc_BA0910,BA0910,B.2.A.8.1) da pubblico (Aziende sanitarie pubbliche della Regione),acc_BA0900,account_type_legalview3,consolidation,TRUE
acc_BA0920,BA0920,B.2.A.8.2) da pubblico (altri soggetti pubblici della Regione),acc_BA0900,account_type_legalview3,consolidation,TRUE
acc_BA0930,BA0930,B.2.A.8.3) da pubblico (extra Regione) - Non soggette a compensazione,acc_BA0900,account_type_legalview3,consolidation,TRUE
acc_BA0940,BA0940,B.2.A.8.4) da privato (intraregionale),acc_BA0900,account_type_legalview3,consolidation,TRUE
acc_BA0950,BA0950,B.2.A.8.5) da privato (extraregionale),acc_BA0900,account_type_legalview3,consolidation,TRUE
acc_BA0960,BA0960,B.2.A.9) Acquisto prestazioni di distribuzione farmaci File F,acc_BA0400,account_type_legalview1,view,TRUE
acc_BA0970,BA0970,B.2.A.9.1) da pubblico (Aziende sanitarie pubbliche della Regione) - Mobilità intraregionale,acc_BA0960,account_type_legalview3,consolidation,TRUE
acc_BA0980,BA0980,B.2.A.9.2) da pubblico (altri soggetti pubblici della Regione),acc_BA0960,account_type_legalview3,consolidation,TRUE
acc_BA0990,BA0990,B.2.A.9.3) da pubblico (extra Regione),acc_BA0960,account_type_legalview3,consolidation,TRUE
acc_BA1000,BA1000,B.2.A.9.4) da privato (intraregionale),acc_BA0960,account_type_legalview3,consolidation,TRUE
acc_BA1010,BA1010,B.2.A.9.5) da privato (extraregionale),acc_BA0960,account_type_legalview3,consolidation,TRUE
acc_BA1020,BA1020,B.2.A.9.6) da privato per cittadini non residenti - extra Regione (mobilità attiva in compensazione),acc_BA0960,account_type_legalview3,consolidation,TRUE
acc_BA1030,BA1030,B.2.A.10) Acquisto prestazioni termali in convenzione,acc_BA0400,account_type_legalview1,view,TRUE
acc_BA1040,BA1040,B.2.A.10.1) da pubblico (Aziende sanitarie pubbliche della Regione) - Mobilità intraregionale,acc_BA1030,account_type_legalview3,consolidation,TRUE
acc_BA1050,BA1050,B.2.A.10.2) da pubblico (altri soggetti pubblici della Regione),acc_BA1030,account_type_legalview3,consolidation,TRUE
acc_BA1060,BA1060,B.2.A.10.3) da pubblico (extra Regione),acc_BA1030,account_type_legalview3,consolidation,TRUE
acc_BA1070,BA1070,B.2.A.10.4) da privato,acc_BA1030,account_type_legalview3,consolidation,TRUE
acc_BA1080,BA1080,B.2.A.10.5) da privato per cittadini non residenti - extra Regione (mobilità attiva in compensazione),acc_BA1030,account_type_legalview3,consolidation,TRUE
acc_BA1090,BA1090,B.2.A.11) Acquisto prestazioni di trasporto sanitario,acc_BA0400,account_type_legalview1,view,TRUE
acc_BA1100,BA1100,B.2.A.11.1) da pubblico (Aziende sanitarie pubbliche della Regione) - Mobilità intraregionale,acc_BA1090,account_type_legalview3,consolidation,TRUE
acc_BA1110,BA1110,B.2.A.11.2) da pubblico (altri soggetti pubblici della Regione),acc_BA1090,account_type_legalview3,consolidation,TRUE
acc_BA1120,BA1120,B.2.A.11.3) da pubblico (extra Regione),acc_BA1090,account_type_legalview3,consolidation,TRUE
acc_BA1130,BA1130,B.2.A.11.4) da privato,acc_BA1090,account_type_legalview3,consolidation,TRUE
acc_BA1140,BA1140,B.2.A.12) Acquisto prestazioni socio-sanitarie a rilevanza sanitaria,acc_BA0400,account_type_legalview1,view,TRUE
acc_BA1150,BA1150,B.2.A.12.1) da pubblico (Aziende sanitarie pubbliche della Regione) - Mobilità intraregionale,acc_BA1150,account_type_legalview3,consolidation,TRUE
acc_BA1160,BA1160,B.2.A.12.2) da pubblico (altri soggetti pubblici della Regione),acc_BA1150,account_type_legalview3,consolidation,TRUE
acc_BA1170,BA1170,B.2.A.12.3) da pubblico (extra Regione) non soggette a compensazione,acc_BA1150,account_type_legalview3,consolidation,TRUE
acc_BA1180,BA1180,B.2.A.12.4) da privato (intraregionale),acc_BA1150,account_type_legalview3,consolidation,TRUE
acc_BA1190,BA1190,B.2.A.12.5) da privato (extraregionale),acc_BA1150,account_type_legalview3,consolidation,TRUE
acc_BA1200,BA1200,B.2.A.13) Compartecipazione al personale per attività libero professionale (intramoenia),acc_BA0400,account_type_legalview1,view,TRUE
acc_BA1210,BA1210,B.2.A.13.1) Compartecipazione al personale per attività libero professionale intramoenia - Area ospedaliera,acc_BA1200,account_type_legalview3,consolidation,TRUE
acc_BA1220,BA1220,B.2.A.13.2) Compartecipazione al personale per attività libero professionale intramoenia - Area specialistica,acc_BA1200,account_type_legalview3,consolidation,TRUE
acc_BA1230,BA1230,B.2.A.13.3) Compartecipazione al personale per attività libero professionale intramoenia - Area sanità pubblica,acc_BA1200,account_type_legalview3,consolidation,TRUE
acc_BA1240,BA1240,"B.2.A.13.4) Compartecipazione al personale per attività libero professionale intramoenia - Consulenze (ex art.55 c.1 lett.c), d) ed ex art.57-58)",acc_BA1200,account_type_legalview3,consolidation,TRUE
acc_BA1250,BA1250,"B.2.A.13.5) Compartecipazione al personale per attività libero prof.le intramoenia - Consulenze (ex art.55 c.1 lett.c), d) ed ex art.57-58) (Az.San.Pubbl.Regione)",acc_BA1200,account_type_legalview3,consolidation,TRUE
acc_BA1260,BA1260,B.2.A.13.6) Compartecipazione al personale per attività libero professionale intramoenia - Altro,acc_BA1200,account_type_legalview3,consolidation,TRUE
acc_BA1270,BA1270,B.2.A.13.7) Compartecipazione al personale per attività libero professionale intramoenia - Altro (Aziende sanitarie pubbliche della Regione),acc_BA1200,account_type_legalview3,consolidation,TRUE
acc_BA1280,BA1280,"B.2.A.14) Rimborsi, assegni e contributi sanitari",acc_BA0400,account_type_legalview1,view,TRUE
acc_BA1290,BA1290,B.2.A.14.1) Contributi ad associazioni di volontariato,acc_BA1280,account_type_legalview3,consolidation,TRUE
acc_BA1300,BA1300,B.2.A.14.2) Rimborsi per cure all'estero,acc_BA1280,account_type_legalview3,consolidation,TRUE
acc_BA1310,BA1310,B.2.A.14.3) Contributi a società partecipate e/o enti dipendenti della Regione,acc_BA1280,account_type_legalview3,consolidation,TRUE
acc_BA1320,BA1320,B.2.A.14.4) Contributo Legge 210/92,acc_BA1280,account_type_legalview3,consolidation,TRUE
acc_BA1330,BA1330,"B.2.A.14.5) Altri rimborsi, assegni e contributi",acc_BA1280,account_type_legalview3,consolidation,TRUE
acc_BA1340,BA1340,"B.2.A.14.6) Rimborsi, assegni e contributi v/Aziende sanitarie pubbliche della Regione",acc_BA1280,account_type_legalview3,consolidation,TRUE
acc_BA1350,BA1350,"B.2.A.15) Consulenze, Collaborazioni, Interinale e altre prestazioni di lavoro sanitarie e socio-sanitarie",acc_BA0400,account_type_legalview1,view,TRUE
acc_BA1360,BA1360,B.2.A.15.1) Consulenze sanitarie e socio-sanitarie da Aziende sanitarie pubbliche della Regione,acc_BA1350,account_type_legalview3,consolidation,TRUE
acc_BA1370,BA1370,B.2.A.15.2) Consulenze sanitarie e socio-sanitarie da terzi - Altri soggetti pubblici,acc_BA1350,account_type_legalview3,consolidation,TRUE
acc_BA1380,BA1380,"B.2.A.15.3) Consulenze, Collaborazioni, Interinale e altre prestazioni di lavoro sanitarie e socio-sanitarie da privato",acc_BA1350,account_type_legalview1,view,TRUE
acc_BA1390,BA1390,"B.2.A.15.3.A) Consulenze sanitarie da privato - Articolo 55, comma 2, CCNL 8 giugno 2000",acc_BA1380,account_type_legalview3,consolidation,TRUE
acc_BA1400,BA1400,B.2.A.15.3.B) Altre consulenze sanitarie e socio-sanitarie da privato,acc_BA1380,account_type_legalview3,consolidation,TRUE
acc_BA1410,BA1410,B.2.A.15.3.C) Collaborazioni coordinate e continuative sanitarie e socio-sanitarie da privato,acc_BA1380,account_type_legalview3,consolidation,TRUE
acc_BA1420,BA1420,B.2.A.15.3.D) Indennità a personale universitario - Area sanitaria,acc_BA1380,account_type_legalview3,consolidation,TRUE
acc_BA1430,BA1430,B.2.A.15.3.E) Lavoro interinale - Area sanitaria,acc_BA1380,account_type_legalview3,consolidation,TRUE
acc_BA1440,BA1440,B.2.A.15.3.F) Altre collaborazioni e prestazioni di lavoro - Area sanitaria,acc_BA1380,account_type_legalview3,consolidation,TRUE
acc_BA1450,BA1450,B.2.A.15.4) Rimborso oneri stipendiali del personale sanitario in comando,acc_BA1350,account_type_legalview1,view,TRUE
acc_BA1460,BA1460,B.2.A.15.4.A) Rimborso oneri stipendiali personale sanitario in comando da Aziende sanitarie pubbliche della Regione,acc_BA1450,account_type_legalview3,consolidation,TRUE
acc_BA1470,BA1470,"B.2.A.15.4.B) Rimborso oneri stipendiali personale sanitario in comando da Regioni, soggetti pubblici e da Università",acc_BA1450,account_type_legalview3,consolidation,TRUE
acc_BA1480,BA1480,B.2.A.15.4.C) Rimborso oneri stipendiali personale sanitario in comando da Aziende di altre Regioni (extra Regione),acc_BA1450,account_type_legalview3,consolidation,TRUE
acc_BA1490,BA1490,B.2.A.16) Altri servizi sanitari e sociosanitari a rilevanza sanitaria,acc_BA0400,account_type_legalview1,view,TRUE
acc_BA1500,BA1500,B.2.A.16.1) Altri servizi sanitari e sociosanitari a rilevanza sanitaria da pubblico - Aziende sanitarie pubbliche della Regione,acc_BA1490,account_type_legalview3,consolidation,TRUE
acc_BA1510,BA1510,B.2.A.16.2) Altri servizi sanitari e sociosanitari a rilevanza sanitaria da pubblico - Altri soggetti pubblici della Regione,acc_BA1490,account_type_legalview3,consolidation,TRUE
acc_BA1520,BA1520,B.2.A.16.3) Altri servizi sanitari e sociosanitari a rilevanza sanitaria da pubblico (extra Regione),acc_BA1490,account_type_legalview3,consolidation,TRUE
acc_BA1530,BA1530,B.2.A.16.4) Altri servizi sanitari da privato,acc_BA1490,account_type_legalview3,consolidation,TRUE
acc_BA1540,BA1540,B.2.A.16.5) Costi per servizi sanitari - Mobilità internazionale passiva,acc_BA1490,account_type_legalview3,consolidation,TRUE
acc_BA1550,BA1550,B.2.A.17) Costi per differenziale tariffe TUC,acc_BA0400,account_type_legalview1,view,TRUE
acc_BA1560,BA1560,B.2.B) Acquisti di servizi non sanitari,acc_BA0390,account_type_legalview1,view,TRUE
acc_BA1570,BA1570,B.2.B.1) Servizi non sanitari,acc_BA1560,account_type_legalview1,view,TRUE
acc_BA1580,BA1580,B.2.B.1.1) Lavanderia,acc_BA1570,account_type_legalview3,consolidation,TRUE
acc_BA1590,BA1590,B.2.B.1.2) Pulizia,acc_BA1570,account_type_legalview3,consolidation,TRUE
acc_BA1600,BA1600,B.2.B.1.3) Mensa,acc_BA1570,account_type_legalview3,consolidation,TRUE
acc_BA1610,BA1610,B.2.B.1.4) Riscaldamento,acc_BA1570,account_type_legalview3,consolidation,TRUE
acc_BA1620,BA1620,B.2.B.1.5) Servizi di assistenza informatica,acc_BA1570,account_type_legalview3,consolidation,TRUE
acc_BA1630,BA1630,B.2.B.1.6) Servizi trasporti (non sanitari),acc_BA1570,account_type_legalview3,consolidation,TRUE
acc_BA1640,BA1640,B.2.B.1.7) Smaltimento rifiuti,acc_BA1570,account_type_legalview3,consolidation,TRUE
acc_BA1650,BA1650,B.2.B.1.8) Utenze telefoniche,acc_BA1570,account_type_legalview3,consolidation,TRUE
acc_BA1660,BA1660,B.2.B.1.9) Utenze elettricità,acc_BA1570,account_type_legalview3,consolidation,TRUE
acc_BA1670,BA1670,B.2.B.1.10) Altre utenze,acc_BA1570,account_type_legalview3,consolidation,TRUE
acc_BA1680,BA1680,B.2.B.1.11) Premi di assicurazione,acc_BA1570,account_type_legalview1,view,TRUE
acc_BA1690,BA1690,B.2.B.1.11.A) Premi di assicurazione - R.C. Professionale,acc_BA1680,account_type_legalview3,consolidation,TRUE
acc_BA1700,BA1700,B.2.B.1.11.B) Premi di assicurazione - Altri premi assicurativi,acc_BA1680,account_type_legalview3,consolidation,TRUE
acc_BA1710,BA1710,B.2.B.1.12) Altri servizi non sanitari,acc_BA1570,account_type_legalview1,view,TRUE
acc_BA1720,BA1720,B.2.B.1.12.A) Altri servizi non sanitari da pubblico (Aziende sanitarie pubbliche della Regione),acc_BA1720,account_type_legalview3,consolidation,TRUE
acc_BA1730,BA1730,B.2.B.1.12.B) Altri servizi non sanitari da altri soggetti pubblici,acc_BA1720,account_type_legalview3,consolidation,TRUE
acc_BA1740,BA1740,B.2.B.1.12.C) Altri servizi non sanitari da privato,acc_BA1720,account_type_legalview3,consolidation,TRUE
acc_BA1750,BA1750,"B.2.B.2) Consulenze, Collaborazioni, Interinale e altre prestazioni di lavoro non sanitarie",acc_BA1560,account_type_legalview1,view,TRUE
acc_BA1760,BA1760,B.2.B.2.1) Consulenze non sanitarie da Aziende sanitarie pubbliche della Regione,acc_BA1760,account_type_legalview3,consolidation,TRUE
acc_BA1770,BA1770,B.2.B.2.2) Consulenze non sanitarie da Terzi - Altri soggetti pubblici,acc_BA1760,account_type_legalview3,consolidation,TRUE
acc_BA1780,BA1780,"B.2.B.2.3) Consulenze, Collaborazioni, Interinale e altre prestazioni di lavoro non sanitarie da privato",acc_BA1760,account_type_legalview1,view,TRUE
acc_BA1790,BA1790,B.2.B.2.3.A) Consulenze non sanitarie da privato,acc_BA1780,account_type_legalview3,consolidation,TRUE
acc_BA1800,BA1800,B.2.B.2.3.B) Collaborazioni coordinate e continuative non sanitarie da privato,acc_BA1780,account_type_legalview3,consolidation,TRUE
acc_BA1810,BA1810,B.2.B.2.3.C) Indennità a personale universitario - Area non sanitaria,acc_BA1780,account_type_legalview3,consolidation,TRUE
acc_BA1820,BA1820,B.2.B.2.3.D) Lavoro interinale - Area non sanitaria,acc_BA1780,account_type_legalview3,consolidation,TRUE
acc_BA1830,BA1830,B.2.B.2.3.E) Altre collaborazioni e prestazioni di lavoro - Area non sanitaria,acc_BA1780,account_type_legalview3,consolidation,TRUE
acc_BA1840,BA1840,B.2.B.2.4) Rimborso oneri stipendiali del personale non sanitario in comando,acc_BA1760,account_type_legalview1,view,TRUE
acc_BA1850,BA1850,B.2.B.2.4.A) Rimborso oneri stipendiali personale non sanitario in comando da Aziende sanitarie pubbliche della Regione,acc_BA1840,account_type_legalview3,consolidation,TRUE
acc_BA1860,BA1860,"B.2.B.2.4.B) Rimborso oneri stipendiali personale non sanitario in comando da Regione, soggetti pubblici e da Università",acc_BA1840,account_type_legalview3,consolidation,TRUE
acc_BA1870,BA1870,B.2.B.2.4.C) Rimborso oneri stipendiali personale non sanitario in comando da Aziende di altre Regioni (extra Regione),acc_BA1840,account_type_legalview3,consolidation,TRUE
acc_BA1880,BA1880,B.2.B.3) Formazione (esternalizzata e non),acc_BA1560,account_type_legalview1,view,TRUE
acc_BA1890,BA1890,B.2.B.3.1) Formazione (esternalizzata e non) da pubblico,acc_BA1880,account_type_legalview3,consolidation,TRUE
acc_BA1900,BA1900,B.2.B.3.2) Formazione (esternalizzata e non) da privato,acc_BA1880,account_type_legalview3,consolidation,TRUE
acc_BA1910,BA1910,B.3) Manutenzione e riparazione (ordinaria esternalizzata),acc_BZ9999,account_type_legalview1,view,TRUE
acc_BA1920,BA1920,B.3.A) Manutenzione e riparazione ai fabbricati e loro pertinenze,acc_BA1910,account_type_legalview3,consolidation,TRUE
acc_BA1930,BA1930,B.3.B) Manutenzione e riparazione agli impianti e macchinari,acc_BA1910,account_type_legalview3,consolidation,TRUE
acc_BA1940,BA1940,B.3.C) Manutenzione e riparazione alle attrezzature sanitarie e scientifiche,acc_BA1910,account_type_legalview3,consolidation,TRUE
acc_BA1950,BA1950,B.3.D) Manutenzione e riparazione ai mobili e arredi,acc_BA1910,account_type_legalview3,consolidation,TRUE
acc_BA1960,BA1960,B.3.E) Manutenzione e riparazione agli automezzi,acc_BA1910,account_type_legalview3,consolidation,TRUE
acc_BA1970,BA1970,B.3.F) Altre manutenzioni e riparazioni,acc_BA1910,account_type_legalview3,consolidation,TRUE
acc_BA1980,BA1980,B.3.G) Manutenzioni e riparazioni da Aziende sanitarie pubbliche della Regione,acc_BA1910,account_type_legalview3,consolidation,TRUE
acc_BA1990,BA1990,B.4) Godimento di beni di terzi,acc_BZ9999,account_type_legalview1,view,TRUE
acc_BA2000,BA2000,B.4.A) Fitti passivi,acc_BA1990,account_type_legalview3,consolidation,TRUE
acc_BA2010,BA2010,B.4.B) Canoni di noleggio,acc_BA1990,account_type_legalview1,view,TRUE
acc_BA2020,BA2020,B.4.B.1) Canoni di noleggio - Area sanitaria,acc_BA2010,account_type_legalview3,consolidation,TRUE
acc_BA2030,BA2030,B.4.B.2) Canoni di noleggio - Area non sanitaria,acc_BA2010,account_type_legalview3,consolidation,TRUE
acc_BA2040,BA2040,B.4.C) Canoni di leasing,acc_BA1990,account_type_legalview1,view,TRUE
acc_BA2050,BA2050,B.4.C.1) Canoni di leasing - Area sanitaria,acc_BA2040,account_type_legalview3,consolidation,TRUE
acc_BA2060,BA2060,B.4.C.2) Canoni di leasing - Area non sanitaria,acc_BA2040,account_type_legalview3,consolidation,TRUE
acc_BA2070,BA2070,B.4.D) Locazioni e noleggi da Aziende sanitarie pubbliche della Regione,acc_BA2040,account_type_legalview3,consolidation,TRUE
acc_BA2080,BA2080,Totale Costo del personale,,account_type_legalview1,view,TRUE
acc_BA2090,BA2090,B.5) Personale del ruolo sanitario,acc_BZ9999,account_type_legalview1,view,TRUE
acc_BA2100,BA2100,B.5.A) Costo del personale dirigente ruolo sanitario,acc_BA2090,account_type_legalview1,view,TRUE
acc_BA2110,BA2110,B.5.A.1) Costo del personale dirigente medico,acc_BA2100,account_type_legalview1,view,TRUE
acc_BA2120,BA2120,B.5.A.1.1) Costo del personale dirigente medico - Tempo indeterminato,acc_BA2110,account_type_legalview3,consolidation,TRUE
acc_BA2130,BA2130,B.5.A.1.2) Costo del personale dirigente medico - Tempo determinato,acc_BA2110,account_type_legalview3,consolidation,TRUE
acc_BA2140,BA2140,B.5.A.1.3) Costo del personale dirigente medico - Altro,acc_BA2110,account_type_legalview3,consolidation,TRUE
acc_BA2150,BA2150,B.5.A.2) Costo del personale dirigente non medico,acc_BA2100,account_type_legalview1,view,TRUE
acc_BA2160,BA2160,B.5.A.2.1) Costo del personale dirigente non medico - Tempo indeterminato,acc_BA2150,account_type_legalview3,consolidation,TRUE
acc_BA2170,BA2170,B.5.A.2.2) Costo del personale dirigente non medico - Tempo determinato,acc_BA2150,account_type_legalview3,consolidation,TRUE
acc_BA2180,BA2180,B.5.A.2.3) Costo del personale dirigente non medico - Altro,acc_BA2150,account_type_legalview3,consolidation,TRUE
acc_BA2190,BA2190,B.5.B) Costo del personale comparto ruolo sanitario,acc_BA2090,account_type_legalview1,view,TRUE
acc_BA2200,BA2200,B.5.B.1) Costo del personale comparto ruolo sanitario - Tempo indeterminato,acc_BA2190,account_type_legalview3,consolidation,TRUE
acc_BA2210,BA2210,B.5.B.2) Costo del personale comparto ruolo sanitario - Tempo determinato,acc_BA2190,account_type_legalview3,consolidation,TRUE
acc_BA2220,BA2220,B.5.B.3) Costo del personale comparto ruolo sanitario - Altro,acc_BA2190,account_type_legalview3,consolidation,TRUE
acc_BA2230,BA2230,B.6) Personale del ruolo professionale,acc_BZ9999,account_type_legalview1,view,TRUE
acc_BA2240,BA2240,B.6.A) Costo del personale dirigente ruolo professionale,acc_BA2230,account_type_legalview1,view,TRUE
acc_BA2250,BA2250,B.6.A.1) Costo del personale dirigente ruolo professionale - Tempo indeterminato,acc_BA2240,account_type_legalview3,consolidation,TRUE
acc_BA2260,BA2260,B.6.A.2) Costo del personale dirigente ruolo professionale - Tempo determinato,acc_BA2240,account_type_legalview3,consolidation,TRUE
acc_BA2270,BA2270,B.6.A.3) Costo del personale dirigente ruolo professionale - Altro,acc_BA2240,account_type_legalview3,consolidation,TRUE
acc_BA2280,BA2280,B.6.B) Costo del personale comparto ruolo professionale,acc_BA2230,account_type_legalview1,view,TRUE
acc_BA2290,BA2290,B.6.B.1) Costo del personale comparto ruolo professionale - Tempo indeterminato,acc_BA2280,account_type_legalview3,consolidation,TRUE
acc_BA2300,BA2300,B.6.B.2) Costo del personale comparto ruolo professionale - Tempo determinato,acc_BA2280,account_type_legalview3,consolidation,TRUE
acc_BA2310,BA2310,B.6.B.3) Costo del personale comparto ruolo professionale - Altro,acc_BA2280,account_type_legalview3,consolidation,TRUE
acc_BA2320,BA2320,B.7) Personale del ruolo tecnico,acc_BZ9999,account_type_legalview1,view,TRUE
acc_BA2330,BA2330,B.7.A) Costo del personale dirigente ruolo tecnico,acc_BA2320,account_type_legalview1,view,TRUE
acc_BA2340,BA2340,B.7.A.1) Costo del personale dirigente ruolo tecnico - Tempo indeterminato,acc_BA2330,account_type_legalview3,consolidation,TRUE
acc_BA2350,BA2350,B.7.A.2) Costo del personale dirigente ruolo tecnico - Tempo determinato,acc_BA2330,account_type_legalview3,consolidation,TRUE
acc_BA2360,BA2360,B.7.A.3) Costo del personale dirigente ruolo tecnico - Altro,acc_BA2330,account_type_legalview3,consolidation,TRUE
acc_BA2370,BA2370,B.7.B) Costo del personale comparto ruolo tecnico,acc_BA2320,account_type_legalview1,view,TRUE
acc_BA2380,BA2380,B.7.B.1) Costo del personale comparto ruolo tecnico - Tempo indeterminato,acc_BA2370,account_type_legalview3,consolidation,TRUE
acc_BA2390,BA2390,B.7.B.2) Costo del personale comparto ruolo tecnico - Tempo determinato,acc_BA2370,account_type_legalview3,consolidation,TRUE
acc_BA2400,BA2400,B.7.B.3) Costo del personale comparto ruolo tecnico - Altro,acc_BA2370,account_type_legalview3,consolidation,TRUE
acc_BA2410,BA2410,B.8) Personale del ruolo amministrativo,acc_BZ9999,account_type_legalview1,view,TRUE
acc_BA2420,BA2420,B.8.A) Costo del personale dirigente ruolo amministrativo,acc_BA2410,account_type_legalview1,view,TRUE
acc_BA2430,BA2430,B.8.A.1) Costo del personale dirigente ruolo amministrativo - Tempo indeterminato,acc_BA2420,account_type_legalview3,consolidation,TRUE
acc_BA2440,BA2440,B.8.A.2) Costo del personale dirigente ruolo amministrativo - Tempo determinato,acc_BA2420,account_type_legalview3,consolidation,TRUE
acc_BA2450,BA2450,B.8.A.3) Costo del personale dirigente ruolo amministrativo - Altro,acc_BA2420,account_type_legalview3,consolidation,TRUE
acc_BA2460,BA2460,B.8.B) Costo del personale comparto ruolo amministrativo,acc_BA2410,account_type_legalview1,view,TRUE
acc_BA2470,BA2470,B.8.B.1) Costo del personale comparto ruolo amministrativo - Tempo indeterminato,acc_BA2460,account_type_legalview3,consolidation,TRUE
acc_BA2480,BA2480,B.8.B.2) Costo del personale comparto ruolo amministrativo - Tempo determinato,acc_BA2460,account_type_legalview3,consolidation,TRUE
acc_BA2490,BA2490,B.8.B.3) Costo del personale comparto ruolo amministrativo - Altro,acc_BA2460,account_type_legalview3,consolidation,TRUE
acc_BA2500,BA2500,B.9) Oneri diversi di gestione,acc_BA2410,account_type_legalview1,view,TRUE
acc_BA2510,BA2510,B.9.A) Imposte e tasse (escluso IRAP e IRES),acc_BA2500,account_type_legalview3,consolidation,TRUE
acc_BA2520,BA2520,B.9.B) Perdite su crediti,acc_BA2500,account_type_legalview3,consolidation,TRUE
acc_BA2530,BA2530,B.9.C) Altri oneri diversi di gestione,acc_BA2500,account_type_legalview1,view,TRUE
acc_BA2540,BA2540,"B.9.C.1) Indennità, rimborso spese e oneri sociali per gli Organi Direttivi e Collegio Sindacale",acc_BA2530,account_type_legalview3,consolidation,TRUE
acc_BA2550,BA2550,B.9.C.2) Altri oneri diversi di gestione,acc_BA2530,account_type_legalview3,consolidation,TRUE
acc_BA2560,BA2560,Totale Ammortamenti,,account_type_legalview1,view,TRUE
acc_BA2570,BA2570,B.10) Ammortamenti delle immobilizzazioni immateriali,acc_BA2410,account_type_legalview3,consolidation,TRUE
acc_BA2580,BA2580,B.11) Ammortamenti delle immobilizzazioni materiali,acc_BA2410,account_type_legalview3,consolidation,TRUE
acc_BA2590,BA2590,B.12) Ammortamento dei fabbricati,acc_BA2410,account_type_legalview1,view,TRUE
acc_BA2600,BA2600,B.12.A) Ammortamenti fabbricati non strumentali (disponibili),acc_BA2590,account_type_legalview3,consolidation,TRUE
acc_BA2610,BA2610,B.12.B) Ammortamenti fabbricati strumentali (indisponibili),acc_BA2590,account_type_legalview3,consolidation,TRUE
acc_BA2620,BA2620,B.13) Ammortamenti delle altre immobilizzazioni materiali,acc_BA2590,account_type_legalview3,consolidation,TRUE
acc_BA2630,BA2630,B.14) Svalutazione delle immobilizzazioni e dei crediti,acc_BA2590,account_type_legalview1,view,TRUE
acc_BA2640,BA2640,B.14.A) Svalutazione delle immobilizzazioni immateriali e materiali,acc_BA2630,account_type_legalview3,consolidation,TRUE
acc_BA2650,BA2650,B.14.B) Svalutazione dei crediti,acc_BA2630,account_type_legalview3,consolidation,TRUE
acc_BA2660,BA2660,B.15) Variazione delle rimanenze,acc_BA2500,account_type_legalview1,view,TRUE
acc_BA2670,BA2670,B.15.A) Variazione rimanenze sanitarie,acc_BA2660,account_type_legalview3,consolidation,TRUE
acc_BA2680,BA2680,B.15.B) Variazione rimanenze non sanitarie,acc_BA2660,account_type_legalview3,consolidation,TRUE
acc_BA2690,BA2690,B.16) Accantonamenti dell’esercizio,acc_BA2500,account_type_legalview1,view,TRUE
acc_BA2700,BA2700,B.16.A) Accantonamenti per rischi,acc_BA2690,account_type_legalview1,view,TRUE
acc_BA2710,BA2710,B.16.A.1) Accantonamenti per cause civili e oneri processuali,acc_BA2700,account_type_legalview3,consolidation,TRUE
acc_BA2720,BA2720,B.16.A.2) Accantonamenti per contenzioso personale dipendente,acc_BA2700,account_type_legalview3,consolidation,TRUE
acc_BA2730,BA2730,B.16.A.3) Accantonamenti per rischi connessi all'acquisto di prestazioni sanitarie da privato,acc_BA2700,account_type_legalview3,consolidation,TRUE
acc_BA2740,BA2740,B.16.A.4) Accantonamenti per copertura diretta dei rischi (autoassicurazione),acc_BA2700,account_type_legalview3,consolidation,TRUE
acc_BA2750,BA2750,B.16.A.5) Altri accantonamenti per rischi,acc_BA2700,account_type_legalview3,consolidation,TRUE
acc_BA2760,BA2760,B.16.B) Accantonamenti per premio di operosità (SUMAI),acc_BA2690,account_type_legalview3,consolidation,TRUE
acc_BA2770,BA2770,B.16.C) Accantonamenti per quote inutilizzate di contributi vincolati,acc_BA2690,account_type_legalview1,view,TRUE
acc_BA2780,BA2780,B.16.C.1) Accantonamenti per quote inutilizzate contributi da Regione o Provincia Autonoma per quota F.S. vincolato,acc_BA2770,account_type_legalview3,consolidation,TRUE
acc_BA2790,BA2790,B.16.C.2) Accantonamenti per quote inutilizzate contributi da soggetti pubblici (extra fondo) vincolati,acc_BA2770,account_type_legalview3,consolidation,TRUE
acc_BA2800,BA2800,B.16.C.3) Accantonamenti per quote inutilizzate contributi da soggetti pubblici per ricerca,acc_BA2770,account_type_legalview3,consolidation,TRUE
acc_BA2810,BA2810,B.16.C.4) Accantonamenti per quote inutilizzate contributi vincolati da privati,acc_BA2770,account_type_legalview3,consolidation,TRUE
acc_BA2820,BA2820,B.16.D) Altri accantonamenti,acc_BA2690,account_type_legalview1,view,TRUE
acc_BA2830,BA2830,B.16.D.1) Accantonamenti per interessi di mora,acc_BA2820,account_type_legalview3,consolidation,TRUE
acc_BA2840,BA2840,B.16.D.2) Accantonamenti per rinnovi convenzioni MMG/PLS/MCA,acc_BA2820,account_type_legalview3,consolidation,TRUE
acc_BA2850,BA2850,B.16.D.3) Accantonamenti per rinnovi convenzioni Medici Sumai,acc_BA2820,account_type_legalview3,consolidation,TRUE
acc_BA2860,BA2860,B.16.D.4) Accantonamenti per rinnovi contrattuali: dirigenza medica,acc_BA2820,account_type_legalview3,consolidation,TRUE
acc_BA2870,BA2870,B.16.D.5) Accantonamenti per rinnovi contrattuali: dirigenza non medica,acc_BA2820,account_type_legalview3,consolidation,TRUE
acc_BA2880,BA2880,B.16.D.6) Accantonamenti per rinnovi contrattuali: comparto,acc_BA2820,account_type_legalview3,consolidation,TRUE
acc_BA2890,BA2890,B.16.D.7) Altri accantonamenti,acc_BA2820,account_type_legalview3,consolidation,TRUE
acc_BZ9999,BZ9999,Totale costi della produzione (B),acc_CE,account_type_legalview1,view,TRUE
acc_CZ9999,CZ9999,C) Proventi e oneri finanziari,acc_CE,account_type_legalview1,view,TRUE
acc_CA0010,CA0010,C.1) Interessi attivi,acc_CZ9999,account_type_legalview1,view,TRUE
acc_CA0020,CA0020,C.1.A) Interessi attivi su c/tesoreria unica,acc_CA0010,account_type_legalview3,consolidation,TRUE
acc_CA0030,CA0030,C.1.B) Interessi attivi su c/c postali e bancari,acc_CA0010,account_type_legalview3,consolidation,TRUE
acc_CA0040,CA0040,C.1.C) Altri interessi attivi,acc_CA0010,account_type_legalview3,consolidation,TRUE
acc_CA0050,CA0050,C.2) Altri proventi,acc_CZ9999,account_type_legalview1,view,TRUE
acc_CA0060,CA0060,C.2.A) Proventi da partecipazioni,acc_CA0050,account_type_legalview3,consolidation,TRUE
acc_CA0070,CA0070,C.2.B) Proventi finanziari da crediti iscritti nelle immobilizzazioni,acc_CA0050,account_type_legalview3,consolidation,TRUE
acc_CA0080,CA0080,C.2.C) Proventi finanziari da titoli iscritti nelle immobilizzazioni,acc_CA0050,account_type_legalview3,consolidation,TRUE
acc_CA0090,CA0090,C.2.D) Altri proventi finanziari diversi dai precedenti,acc_CA0050,account_type_legalview3,consolidation,TRUE
acc_CA0100,CA0100,C.2.E) Utili su cambi,acc_CA0050,account_type_legalview3,consolidation,TRUE
acc_CA0110,CA0110,C.3) Interessi passivi,acc_CZ9999,account_type_legalview1,view,TRUE
acc_CA0120,CA0120,C.3.A) Interessi passivi su anticipazioni di cassa,acc_CA0110,account_type_legalview3,consolidation,TRUE
acc_CA0130,CA0130,C.3.B) Interessi passivi su mutui,acc_CA0110,account_type_legalview3,consolidation,TRUE
acc_CA0140,CA0140,C.3.C) Altri interessi passivi,acc_CA0110,account_type_legalview3,consolidation,TRUE
acc_CA0150,CA0150,C.4) Altri oneri,acc_CZ9999,account_type_legalview1,view,TRUE
acc_CA0160,CA0160,C.4.A) Altri oneri finanziari,acc_CA0150,account_type_legalview3,consolidation,TRUE
acc_CA0170,CA0170,C.4.B) Perdite su cambi,acc_CA0150,account_type_legalview3,consolidation,TRUE
acc_CZ9999,CZ9999,Totale proventi e oneri finanziari (C),acc_CE,account_type_legalview1,view,TRUE
acc_DZ9999,DZ9999,D) Rettifiche di valore di attività finanziarie,acc_CE,account_type_legalview1,view,TRUE
acc_DA0010,DA0010,D.1) Rivalutazioni,acc_DZ9999,account_type_legalview3,consolidation,TRUE
acc_DA0020,DA0020,D.2) Svalutazioni,acc_DZ9999,account_type_legalview3,consolidation,TRUE
acc_DZ9999,DZ9999,Totale rettifiche di valore di attività finanziarie (D),acc_CE,account_type_legalview1,view,TRUE
acc_EZ9999,EZ9999,E) Proventi e oneri straordinari,acc_CE,account_type_legalview1,view,TRUE
acc_EA0010,EA0010,E.1) Proventi straordinari,acc_EZ9999,account_type_legalview1,view,TRUE
acc_EA0020,EA0020,E.1.A) Plusvalenze,acc_EA0010,account_type_legalview3,consolidation,TRUE
acc_EA0030,EA0030,E.1.B) Altri proventi straordinari,acc_EA0010,account_type_legalview1,view,TRUE
acc_EA0040,EA0040,E.1.B.1) Proventi da donazioni e liberalità diverse,acc_EA0030,account_type_legalview3,consolidation,TRUE
acc_EA0050,EA0050,E.1.B.2) Sopravvenienze attive,acc_EA0030,account_type_legalview1,view,TRUE
acc_EA0060,EA0060,E.1.B.2.1) Sopravvenienze attive v/Aziende sanitarie pubbliche della Regione,acc_EA0050,account_type_legalview3,consolidation,TRUE
acc_EA0070,EA0070,E.1.B.2.2) Sopravvenienze attive v/terzi,acc_EA0050,account_type_legalview1,view,TRUE
acc_EA0080,EA0080,E.1.B.2.2.A) Sopravvenienze attive v/terzi relative alla mobilità extraregionale,acc_EA0070,account_type_legalview3,consolidation,TRUE
acc_EA0090,EA0090,E.1.B.2.2.B) Sopravvenienze attive v/terzi relative al personale,acc_EA0070,account_type_legalview3,consolidation,TRUE
acc_EA0100,EA0100,E.1.B.2.2.C) Sopravvenienze attive v/terzi relative alle convenzioni con medici di base,acc_EA0070,account_type_legalview3,consolidation,TRUE
acc_EA0110,EA0110,E.1.B.2.2.D) Sopravvenienze attive v/terzi relative alle convenzioni per la specialistica,acc_EA0070,account_type_legalview3,consolidation,TRUE
acc_EA0120,EA0120,E.1.B.2.2.E) Sopravvenienze attive v/terzi relative all'acquisto di prestazioni sanitarie da operatori accreditati,acc_EA0070,account_type_legalview3,consolidation,TRUE
acc_EA0130,EA0130,E.1.B.2.2.F) Sopravvenienze attive v/terzi relative all'acquisto di beni e servizi,acc_EA0070,account_type_legalview3,consolidation,TRUE
acc_EA0140,EA0140,E.1.B.2.2.G) Altre sopravvenienze attive v/terzi,acc_EA0070,account_type_legalview3,consolidation,TRUE
acc_EA0150,EA0150,E.1.B.3) Insussistenze attive,acc_EA0030,account_type_legalview1,view,TRUE
acc_EA0160,EA0160,E.1.B.3.1) Insussistenze attive v/Aziende sanitarie pubbliche della Regione,acc_EA0150,account_type_legalview3,consolidation,TRUE
acc_EA0170,EA0170,E.1.B.3.2) Insussistenze attive v/terzi,acc_EA0150,account_type_legalview1,view,TRUE
acc_EA0180,EA0180,E.1.B.3.2.A) Insussistenze attive v/terzi relative alla mobilità extraregionale,acc_EA0170,account_type_legalview3,consolidation,TRUE
acc_EA0190,EA0190,E.1.B.3.2.B) Insussistenze attive v/terzi relative al personale,acc_EA0170,account_type_legalview3,consolidation,TRUE
acc_EA0200,EA0200,E.1.B.3.2.C) Insussistenze attive v/terzi relative alle convenzioni con medici di base,acc_EA0170,account_type_legalview3,consolidation,TRUE
acc_EA0210,EA0210,E.1.B.3.2.D) Insussistenze attive v/terzi relative alle convenzioni per la specialistica,acc_EA0170,account_type_legalview3,consolidation,TRUE
acc_EA0220,EA0220,E.1.B.3.2.E) Insussistenze attive v/terzi relative all'acquisto di prestazioni sanitarie da operatori accreditati,acc_EA0170,account_type_legalview3,consolidation,TRUE
acc_EA0230,EA0230,E.1.B.3.2.F) Insussistenze attive v/terzi relative all'acquisto di beni e servizi,acc_EA0170,account_type_legalview3,consolidation,TRUE
acc_EA0240,EA0240,E.1.B.3.2.G) Altre insussistenze attive v/terzi,acc_EA0170,account_type_legalview3,consolidation,TRUE
acc_EA0250,EA0250,E.1.B.4) Altri proventi straordinari,acc_EA0030,account_type_legalview1,view,TRUE
acc_EA0260,EA0260,E.2) Oneri straordinari,acc_EZ9999,account_type_legalview1,view,TRUE
acc_EA0270,EA0270,E.2.A) Minusvalenze,acc_EA0260,account_type_legalview3,consolidation,TRUE
acc_EA0280,EA0280,E.2.B) Altri oneri straordinari,acc_EA0260,account_type_legalview1,view,TRUE
acc_EA0290,EA0290,E.2.B.1) Oneri tributari da esercizi precedenti,acc_EA0280,account_type_legalview3,consolidation,TRUE
acc_EA0300,EA0300,E.2.B.2) Oneri da cause civili ed oneri processuali,acc_EA0280,account_type_legalview3,consolidation,TRUE
acc_EA0310,EA0310,E.2.B.3) Sopravvenienze passive,acc_EA0280,account_type_legalview1,view,TRUE
acc_EA0320,EA0320,E.2.B.3.1) Sopravvenienze passive v/Aziende sanitarie pubbliche della Regione,acc_EA0310,account_type_legalview1,view,TRUE
acc_EA0330,EA0330,E.2.B.3.1.A) Sopravvenienze passive v/Aziende sanitarie pubbliche relative alla mobilità intraregionale,acc_EA0320,account_type_legalview3,consolidation,TRUE
acc_EA0340,EA0340,E.2.B.3.1.B) Altre sopravvenienze passive v/Aziende sanitarie pubbliche della Regione,acc_EA0320,account_type_legalview3,consolidation,TRUE
acc_EA0350,EA0350,E.2.B.3.2) Sopravvenienze passive v/terzi,acc_EA0310,account_type_legalview1,view,TRUE
acc_EA0360,EA0360,E.2.B.3.2.A) Sopravvenienze passive v/terzi relative alla mobilità extraregionale,acc_EA0350,account_type_legalview3,consolidation,TRUE
acc_EA0370,EA0370,E.2.B.3.2.B) Sopravvenienze passive v/terzi relative al personale,acc_EA0350,account_type_legalview1,view,TRUE
acc_EA0380,EA0380,E.2.B.3.2.B.1) Sopravvenienze passive v/terzi relative al personale - dirigenza medica,acc_EA0370,account_type_legalview3,consolidation,TRUE
acc_EA0390,EA0390,E.2.B.3.2.B.2) Sopravvenienze passive v/terzi relative al personale - dirigenza non medica,acc_EA0370,account_type_legalview3,consolidation,TRUE
acc_EA0400,EA0400,E.2.B.3.2.B.3) Sopravvenienze passive v/terzi relative al personale - Comparto,acc_EA0370,account_type_legalview3,consolidation,TRUE
acc_EA0410,EA0410,E.2.B.3.2.C) Sopravvenienze passive v/terzi relative alle convenzioni con medici di base,acc_EA0350,account_type_legalview3,consolidation,TRUE
acc_EA0420,EA0420,E.2.B.3.2.D) Sopravvenienze passive v/terzi relative alle convenzioni per la specialistica,acc_EA0350,account_type_legalview3,consolidation,TRUE
acc_EA0430,EA0430,E.2.B.3.2.E) Sopravvenienze passive v/terzi relative all'acquisto di prestazioni sanitarie da operatori accreditati,acc_EA0350,account_type_legalview3,consolidation,TRUE
acc_EA0440,EA0440,E.2.B.3.2.F) Sopravvenienze passive v/terzi relative all'acquisto di beni e servizi,acc_EA0350,account_type_legalview3,consolidation,TRUE
acc_EA0450,EA0450,E.2.B.3.2.G) Altre sopravvenienze passive v/terzi,acc_EA0350,account_type_legalview3,consolidation,TRUE
acc_EA0460,EA0460,E.2.B.4) Insussistenze passive,acc_EA0280,account_type_legalview1,view,TRUE
acc_EA0470,EA0470,E.2.B.4.1) Insussistenze passive v/Aziende sanitarie pubbliche della Regione,acc_EA0460,account_type_legalview3,consolidation,TRUE
acc_EA0480,EA0480,E.2.B.4.2) Insussistenze passive v/terzi,acc_EA0460,account_type_legalview1,view,TRUE
acc_EA0490,EA0490,E.2.B.4.2.A) Insussistenze passive v/terzi relative alla mobilità extraregionale,acc_EA0480,account_type_legalview3,consolidation,TRUE
acc_EA0500,EA0500,E.2.B.4.2.B) Insussistenze passive v/terzi relative al personale,acc_EA0480,account_type_legalview3,consolidation,TRUE
acc_EA0510,EA0510,E.2.B.4.2.C) Insussistenze passive v/terzi relative alle convenzioni con medici di base,acc_EA0480,account_type_legalview3,consolidation,TRUE
acc_EA0520,EA0520,E.2.B.4.2.D) Insussistenze passive v/terzi relative alle convenzioni per la specialistica,acc_EA0480,account_type_legalview3,consolidation,TRUE
acc_EA0530,EA0530,E.2.B.4.2.E) Insussistenze passive v/terzi relative all'acquisto di prestazioni sanitarie da operatori accreditati,acc_EA0480,account_type_legalview3,consolidation,TRUE
acc_EA0540,EA0540,E.2.B.4.2.F) Insussistenze passive v/terzi relative all'acquisto di beni e servizi,acc_EA0480,account_type_legalview3,consolidation,TRUE
acc_EA0550,EA0550,E.2.B.4.2.G) Altre insussistenze passive v/terzi,acc_EA0480,account_type_legalview3,consolidation,TRUE
acc_EA0560,EA0560,E.2.B.5) Altri oneri straordinari,acc_EA0280,account_type_legalview3,consolidation,TRUE
acc_EZ9999,EZ9999,Totale proventi e oneri straordinari (E),acc_CE,account_type_legalview1,view,TRUE
acc_XA0000,XA0000,Risultato prima delle imposte (A - B +/- C +/- D +/- E),,account_type_legalview1,view,TRUE
acc_YZ9999,YZ9999,Y) Imposte e tasse,acc_CE,account_type_legalview1,view,TRUE
acc_YA0010,YA0010,Y.1) IRAP,acc_YZ9999,account_type_legalview1,view,TRUE
acc_YA0020,YA0020,Y.1.A) IRAP relativa a personale dipendente,acc_YA0010,account_type_legalview3,consolidation,TRUE
acc_YA0030,YA0030,Y.1.B) IRAP relativa a collaboratori e personale assimilato a lavoro dipendente,acc_YA0010,account_type_legalview3,consolidation,TRUE
acc_YA0040,YA0040,Y.1.C) IRAP relativa ad attività di libera professione (intramoenia),acc_YA0010,account_type_legalview3,consolidation,TRUE
acc_YA0050,YA0050,Y.1.D) IRAP relativa ad attività commerciale,acc_YA0010,account_type_legalview3,consolidation,TRUE
acc_YA0060,YA0060,Y.2) IRES,acc_YZ9999,account_type_legalview1,view,TRUE
acc_YA0070,YA0070,Y.2.A) IRES su attività istituzionale,acc_YA0060,account_type_legalview3,consolidation,TRUE
acc_YA0080,YA0080,Y.2.B) IRES su attività commerciale,acc_YA0060,account_type_legalview3,consolidation,TRUE
acc_YA0090,YA0090,"Y.3) Accantonamento a Fondo Imposte (Accertamenti, condoni, ecc.)",acc_YA0060,account_type_legalview3,consolidation,TRUE
acc_YZ9999,YZ9999,Totale imposte e tasse,acc_CE,account_type_legalview1,view,TRUE
acc_ZZ9999,ZZ9999,RISULTATO DI ESERCIZIO,,account_type_legalview1,view,TRUE
